Código,Descripción,Revisado por,Fecha de revisión,Observación
A01.0,Fiebre tifoidea,,,
A04.9,"Infección intestinal bacteriana, no especificada",,,
A06.0,Disentería amebiana aguda,,,
A08.4,"Infección intestinal viral, sin otra especificación",,,
A09,Diarrea y gastroenteritis de presunto origen infeccioso,,,
A15.0,Tuberculosis pulmonar,,,
A41.9,"Septicemia, no especificada",,,
A46,Erisipela,,,
A54.0,Infección gonocócica del cuello uterino,,,
A56.0,Infección de las vías genitourinarias inferiores por clamidia,,,
A60.0,Infección anogenital por virus del herpes,,,
A63.0,Verrugas anogenitales (venéreas),,,
A90,Dengue clásico,,,
B00.1,Dermatitis vesicular por virus del herpes,,,
B01.9,Varicela sin complicaciones,,,
B02.9,Herpes zóster sin complicaciones,,,
B05.9,Sarampión sin complicaciones,,,
B07,Verrugas víricas,,,
B08.4,Enfermedad boca-mano-pie por enterovirus,,,
B19.9,Hepatitis viral no especificada sin coma hepático,,,
B24,"Enfermedad por VIH, sin otra especificación",,,
B34.9,"Infección viral, no especificada",,,
B35.0,Tiña de la barba y del cuero cabelludo,,,
B35.3,Tiña del pie,,,
B35.4,Tiña del cuerpo,,,
B36.0,Pitiriasis versicolor,,,
B37.0,Estomatitis candidiásica,,,
B37.2,Candidiasis de la piel y de las uñas,,,
B37.3,Candidiasis de la vulva y de la vagina,,,
B58.9,"Toxoplasmosis, no especificada",,,
B76.9,"Anquilostomiasis, no especificada",,,
B77.9,"Ascariasis, no especificada",,,
B80,Enterobiasis (oxiuriasis),,,
B82.9,"Parasitosis intestinal, sin otra especificación",,,
B85.0,Pediculosis debida a Pediculus humanus capitis,,,
B86,Escabiosis (sarna),,,
B96.8,Otros agentes bacterianos especificados como causa de enfermedades,,,
D50.9,"Anemia por deficiencia de hierro, sin otra especificación",,,
D51.9,"Anemia por deficiencia de vitamina B12, sin otra especificación",,,
D64.9,"Anemia, no especificada",,,
D69.6,"Trombocitopenia, no especificada",,,
E03.9,"Hipotiroidismo, no especificado",,,
E04.9,"Bocio no tóxico, sin otra especificación",,,
E05.9,"Tirotoxicosis, no especificada",,,
E10.9,Diabetes mellitus tipo 1 sin complicaciones,,,
E11.2,Diabetes mellitus tipo 2 con complicaciones renales,,,
E11.4,Diabetes mellitus tipo 2 con complicaciones neurológicas,,,
E11.6,Diabetes mellitus tipo 2 con otras complicaciones especificadas,,,
E11.9,Diabetes mellitus tipo 2 sin complicaciones,,,
E14.9,Diabetes mellitus no especificada sin complicaciones,,,
E16.2,"Hipoglucemia, no especificada",,,
E22.1,Hiperprolactinemia,,,
E28.2,Síndrome de ovario poliquístico,,,
E34.9,"Trastorno endocrino, no especificado",,,
E44.0,Desnutrición proteicocalórica moderada,,,
E46,"Desnutrición proteicocalórica, no especificada",,,
E55.9,"Deficiencia de vitamina D, no especificada",,,
E61.1,Deficiencia de hierro,,,
E66.0,Obesidad debida a exceso de calorías,,,
E66.9,"Obesidad, no especificada",,,
E78.0,Hipercolesterolemia pura,,,
E78.1,Hipertrigliceridemia pura,,,
E78.2,Hiperlipidemia mixta,,,
E78.5,"Hiperlipidemia, no especificada",,,
E79.0,Hiperuricemia sin signos de artritis inflamatoria,,,
E86,Depleción del volumen (deshidratación),,,
E87.6,Hipopotasemia,,,
F10.2,"Trastornos mentales y del comportamiento debidos al uso de alcohol, síndrome de dependencia",,,
F17.2,"Trastornos debidos al uso de tabaco, síndrome de dependencia",,,
F20.9,"Esquizofrenia, no especificada",,,
F31.9,"Trastorno afectivo bipolar, no especificado",,,
F32.0,Episodio depresivo leve,,,
F32.1,Episodio depresivo moderado,,,
F32.2,Episodio depresivo grave sin síntomas psicóticos,,,
F32.9,"Episodio depresivo, no especificado",,,
F33.9,"Trastorno depresivo recurrente, no especificado",,,
F40.1,Fobias sociales,,,
F41.0,Trastorno de pánico (ansiedad paroxística episódica),,,
F41.1,Trastorno de ansiedad generalizada,,,
F41.2,Trastorno mixto ansioso-depresivo,,,
F41.9,"Trastorno de ansiedad, no especificado",,,
F42,Trastorno obsesivo-compulsivo,,,
F43.0,Reacción al estrés agudo,,,
F43.1,Trastorno de estrés postraumático,,,
F43.2,Trastornos de adaptación,,,
F50.0,Anorexia nerviosa,,,
F50.2,Bulimia nerviosa,,,
F51.0,Insomnio no orgánico,,,
F70.9,Retraso mental leve,,,
F80.9,"Trastorno del desarrollo del habla y del lenguaje, no especificado",,,
F84.0,Autismo en la niñez,,,
F90.0,Trastorno de la actividad y de la atención,,,
F91.9,"Trastorno de la conducta, no especificado",,,
G20,Enfermedad de Parkinson,,,
G30.9,"Enfermedad de Alzheimer, no especificada",,,
G40.9,"Epilepsia, tipo no especificado",,,
G43.0,Migraña sin aura,,,
G43.1,Migraña con aura,,,
G43.9,"Migraña, no especificada",,,
G44.2,Cefalea tensional,,,
G47.0,Insomnio,,,
G47.3,Apnea del sueño,,,
G51.0,Parálisis de Bell,,,
G56.0,Síndrome del túnel carpiano,,,
G62.9,"Polineuropatía, no especificada",,,
G93.4,"Encefalopatía, no especificada",,,
H00.0,Orzuelo y otras inflamaciones profundas del párpado,,,
H00.1,Chalazión,,,
H10.1,Conjuntivitis atópica aguda,,,
H10.3,"Conjuntivitis aguda, no especificada",,,
H10.9,"Conjuntivitis, no especificada",,,
H16.9,"Queratitis, no especificada",,,
H25.9,"Catarata senil, no especificada",,,
H40.9,"Glaucoma, no especificado",,,
H52.0,Hipermetropía,,,
H52.1,Miopía,,,
H52.2,Astigmatismo,,,
H52.4,Presbicia,,,
H60.9,"Otitis externa, no especificada",,,
H61.2,Cerumen impactado,,,
H65.9,"Otitis media no supurativa, no especificada",,,
H66.9,"Otitis media, no especificada",,,
H81.1,Vértigo paroxístico benigno,,,
H81.9,"Trastorno de la función vestibular, no especificado",,,
H90.5,"Hipoacusia neurosensorial, no especificada",,,
H93.1,Tinnitus (acúfeno),,,
I10,Hipertensión esencial (primaria),,,
I11.9,Enfermedad cardiaca hipertensiva sin insuficiencia cardiaca,,,
I20.9,"Angina de pecho, no especificada",,,
I21.9,"Infarto agudo de miocardio, sin otra especificación",,,
I25.1,Enfermedad aterosclerótica del corazón,,,
I48,Fibrilación y aleteo auriculares,,,
I50.9,"Insuficiencia cardiaca, no especificada",,,
I63.9,"Infarto cerebral, no especificado",,,
I83.9,Venas varicosas de los miembros inferiores sin úlcera ni inflamación,,,
I84.9,"Hemorroides, no especificadas, sin complicación",,,
I87.2,Insuficiencia venosa (crónica) (periférica),,,
I95.9,"Hipotensión, no especificada",,,
J00,Rinofaringitis aguda (resfriado común),,,
J01.9,"Sinusitis aguda, no especificada",,,
J02.0,Faringitis estreptocócica,,,
J02.9,"Faringitis aguda, no especificada",,,
J03.9,"Amigdalitis aguda, no especificada",,,
J04.0,Laringitis aguda,,,
J04.1,Traqueítis aguda,,,
J05.0,Laringitis obstructiva aguda (crup),,,
J06.9,"Infección aguda de las vías respiratorias superiores, no especificada",,,
J10.1,"Influenza con otras manifestaciones respiratorias, virus identificado",,,
J11.1,"Influenza con otras manifestaciones respiratorias, virus no identificado",,,
J12.9,"Neumonía viral, no especificada",,,
J15.9,"Neumonía bacteriana, no especificada",,,
J18.9,"Neumonía, no especificada",,,
J20.9,"Bronquitis aguda, no especificada",,,
J21.9,"Bronquiolitis aguda, no especificada",,,
J30.1,Rinitis alérgica debida al polen,,,
J30.4,"Rinitis alérgica, no especificada",,,
J31.0,Rinitis crónica,,,
J32.9,"Sinusitis crónica, no especificada",,,
J35.0,Amigdalitis crónica,,,
J35.3,Hipertrofia de las amígdalas con hipertrofia de las adenoides,,,
J40,"Bronquitis, no especificada como aguda o crónica",,,
J44.9,"Enfermedad pulmonar obstructiva crónica, no especificada",,,
J45.0,Asma predominantemente alérgica,,,
J45.9,"Asma, no especificada",,,
J98.4,Otros trastornos del pulmón,,,
K02.1,Caries de la dentina,,,
K02.9,"Caries dental, no especificada",,,
K04.0,Pulpitis,,,
K04.7,Absceso periapical sin fístula,,,
K05.0,Gingivitis aguda,,,
K05.1,Gingivitis crónica,,,
K05.3,Periodontitis crónica,,,
K08.1,"Pérdida de dientes debida a accidente, extracción o enfermedad periodontal local",,,
K12.0,Estomatitis aftosa recurrente,,,
K21.0,Enfermedad por reflujo gastroesofágico con esofagitis,,,
K21.9,Enfermedad por reflujo gastroesofágico sin esofagitis,,,
K25.9,"Úlcera gástrica, no especificada como aguda o crónica, sin hemorragia ni perforación",,,
K26.9,"Úlcera duodenal, no especificada",,,
K29.0,Gastritis aguda hemorrágica,,,
K29.7,"Gastritis, no especificada",,,
K30,Dispepsia,,,
K35.8,"Apendicitis aguda, otra y la no especificada",,,
K40.9,"Hernia inguinal unilateral, sin obstrucción ni gangrena",,,
K42.9,Hernia umbilical sin obstrucción ni gangrena,,,
K52.9,"Gastroenteritis y colitis no infecciosas, no especificadas",,,
K58.9,Síndrome del colon irritable sin diarrea,,,
K59.0,Estreñimiento,,,
K60.2,"Fisura anal, no especificada",,,
K64.9,"Hemorroides, no especificadas",,,
K76.0,"Hígado graso, no clasificado en otra parte",,,
K80.2,Cálculo de la vesícula biliar sin colecistitis,,,
K81.0,Colecistitis aguda,,,
K85.9,"Pancreatitis aguda, no especificada",,,
K92.2,"Hemorragia gastrointestinal, no especificada",,,
L01.0,Impétigo,,,
L02.9,"Absceso cutáneo, furúnculo y ántrax, sitio no especificado",,,
L03.9,"Celulitis, no especificada",,,
L08.9,"Infección local de la piel y del tejido subcutáneo, no especificada",,,
L20.9,"Dermatitis atópica, no especificada",,,
L21.9,"Dermatitis seborreica, no especificada",,,
L22,Dermatitis del pañal,,,
L23.9,"Dermatitis alérgica de contacto, causa no especificada",,,
L24.9,"Dermatitis de contacto por irritantes, causa no especificada",,,
L30.9,"Dermatitis, no especificada",,,
L40.0,Psoriasis vulgar,,,
L50.9,"Urticaria, no especificada",,,
L60.0,Uña encarnada,,,
L70.0,Acné vulgar,,,
L70.9,"Acné, no especificado",,,
L71.9,"Rosácea, no especificada",,,
L73.2,Hidradenitis supurativa,,,
L80,Vitíligo,,,
L81.1,Cloasma,,,
L89.9,"Úlcera por presión, no especificada",,,
L98.4,"Úlcera crónica de la piel, no clasificada en otra parte",,,
M06.9,"Artritis reumatoide, no especificada",,,
M10.9,"Gota, no especificada",,,
M15.9,"Poliartrosis, no especificada",,,
M17.9,"Gonartrosis, no especificada",,,
M19.9,"Artrosis, no especificada",,,
M25.5,Dolor articular,,,
M32.9,"Lupus eritematoso sistémico, no especificado",,,
M43.6,Tortícolis,,,
M47.9,"Espondilosis, no especificada",,,
M51.2,Otros desplazamientos especificados de disco intervertebral (lumbago por desplazamiento),,,
M54.2,Cervicalgia,,,
M54.4,Lumbago con ciática,,,
M54.5,Lumbago (dolor lumbar bajo),,,
M54.9,"Dorsalgia, no especificada",,,
M65.9,"Sinovitis y tenosinovitis, no especificada",,,
M70.9,"Trastorno de los tejidos blandos relacionado con el uso, sobrecarga y presión, no especificado",,,
M75.1,Síndrome del manguito rotador,,,
M77.1,Epicondilitis lateral,,,
M77.3,Espolón calcáneo,,,
M79.1,Mialgia,,,
M79.7,Fibromialgia,,,
M81.9,"Osteoporosis, no especificada",,,
M99.9,"Lesión biomecánica, no especificada",,,
N10,Nefritis tubulointersticial aguda (pielonefritis aguda),,,
N18.9,"Enfermedad renal crónica, no especificada",,,
N20.0,Cálculo del riñón,,,
N23,"Cólico renal, no especificado",,,
N30.0,Cistitis aguda,,,
N30.9,"Cistitis, no especificada",,,
N34.1,Uretritis no específica,,,
N39.0,"Infección de vías urinarias, sitio no especificado",,,
N40,Hiperplasia de la próstata,,,
N41.9,"Enfermedad inflamatoria de la próstata, no especificada",,,
N45.9,"Orquitis, epididimitis y epididimo-orquitis sin absceso",,,
N60.1,Mastopatía quística difusa,,,
N63,Masa no especificada en la mama,,,
N76.0,Vaginitis aguda,,,
N76.1,Vaginitis subaguda y crónica,,,
N77.1,"Vaginitis, vulvitis y vulvovaginitis en enfermedades infecciosas y parasitarias",,,
N80.9,"Endometriosis, no especificada",,,
N83.2,"Quistes ováricos, otros y los no especificados",,,
N89.8,Otros trastornos no inflamatorios especificados de la vagina (leucorrea),,,
N91.2,"Amenorrea, no especificada",,,
N92.0,Menstruación excesiva y frecuente con ciclo regular,,,
N92.1,Menstruación excesiva y frecuente con ciclo irregular,,,
N94.6,"Dismenorrea, no especificada",,,
N95.1,Estados menopáusicos y climatéricos femeninos,,,
N97.9,"Infertilidad femenina, no especificada",,,
O03.9,"Aborto espontáneo completo o no especificado, sin complicación",,,
O13,Hipertensión gestacional sin proteinuria significativa,,,
O14.9,"Preeclampsia, no especificada",,,
O21.0,Hiperémesis gravídica leve,,,
O24.4,Diabetes mellitus que se origina durante el embarazo,,,
O26.9,"Afección relacionada con el embarazo, no especificada",,,
O80,Parto único espontáneo,,,
O99.0,"Anemia que complica el embarazo, el parto y el puerperio",,,
P07.3,Otros recién nacidos pretérmino,,,
P59.9,"Ictericia neonatal, no especificada",,,
P92.9,"Problema de alimentación del recién nacido, no especificado",,,
Q53.9,"Testículo no descendido, no especificado",,,
Q65.9,"Deformidad congénita de la cadera, no especificada",,,
Q66.9,"Deformidad congénita de los pies, no especificada",,,
R00.0,"Taquicardia, no especificada",,,
R05,Tos,,,
R06.0,Disnea,,,
R07.4,"Dolor en el pecho, no especificado",,,
R10.1,Dolor localizado en la parte superior del abdomen,,,
R10.4,Otros dolores abdominales y los no especificados,,,
R11,Náusea y vómito,,,
R19.7,"Diarrea, no especificada",,,
R42,Mareo y desvanecimiento,,,
R50.9,"Fiebre, no especificada",,,
R51,Cefalea,,,
R52.9,"Dolor, no especificado",,,
R53,Malestar y fatiga,,,
R55,Síncope y colapso,,,
R56.0,Convulsiones febriles,,,
R60.9,"Edema, no especificado",,,
R63.4,Pérdida anormal de peso,,,
R73.0,Anormalidad en la prueba de tolerancia a la glucosa,,,
R73.9,"Hiperglucemia, no especificada",,,
R80,Proteinuria aislada,,,
R94.4,Resultados anormales de la función renal,,,
S01.9,"Herida de la cabeza, parte no especificada",,,
S06.0,Conmoción cerebral,,,
S43.4,Esguince y torcedura de la articulación del hombro,,,
S52.9,"Fractura del antebrazo, parte no especificada",,,
S61.9,"Herida de la muñeca y de la mano, parte no especificada",,,
S83.6,Esguince y torcedura de otras partes y las no especificadas de la rodilla,,,
S93.4,Esguince y torcedura del tobillo,,,
T14.9,"Traumatismo, no especificado",,,
T15.9,"Cuerpo extraño en parte externa del ojo, parte no especificada",,,
T30.0,"Quemadura de región del cuerpo no especificada, grado no especificado",,,
T63.9,"Efecto tóxico del contacto con animal venenoso, no especificado",,,
T78.4,"Alergia, no especificada",,,
T88.7,"Efecto adverso de droga o medicamento, no especificado",,,
W54,Mordedura o ataque de perro,,,
Z00.0,Examen médico general,,,
Z00.1,Examen de salud de rutina del niño,,,
Z01.4,Examen ginecológico (general) (de rutina),,,
Z23,Necesidad de inmunización contra enfermedad bacteriana o viral única,,,
Z30.0,Consejo y asesoramiento general sobre anticoncepción,,,
Z30.4,Supervisión del uso de drogas anticonceptivas,,,
Z34.9,"Supervisión de embarazo normal, no especificado",,,
Z71.3,Consulta y supervisión dietética,,,
Z76.0,Emisión de prescripción repetida,,,
Z76.2,Supervisión de la salud del lactante y del niño,,,
Z91.0,Historia personal de alergia a otras sustancias que no sean medicamentos o sustancias biológicas,,,
