ID,Denominación genérica,Nombre comercial,Especies,Categoría,Control (fracción / receta),Vía,Presentaciones,Dosis típica,mg/kg por dosis,Máx. mg/kg por día,Concentraciones (mg/mL),Notas,Revisado por,Fecha de revisión,Observación
v-perro-meloxicam,Meloxicam,,Perro,AINE,No,Oral,Suspensión 1.5 mg/mL | Solución inyectable 5 mg/mL | Tabletas 1 mg | Tabletas 2.5 mg,0.2 mg/kg el primer día y 0.1 mg/kg cada 24 h,0.1,0.2,Suspensión 1.5 mg/mL: 1.5 mg/mL,,,,
v-gato-meloxicam,Meloxicam,,Gato,AINE,No,Oral,Suspensión 0.5 mg/mL | Solución inyectable 5 mg/mL,0.1 mg/kg el primer día y 0.05 mg/kg cada 24 h,0.05,0.1,Suspensión 0.5 mg/mL: 0.5 mg/mL,Uso prolongado en gatos solo con vigilancia renal.,,,
v-perro-carprofeno,Carprofeno,,Perro,AINE,No,Oral,Tabletas 25 mg | Tabletas 75 mg | Tabletas 100 mg,2.2 mg/kg cada 12 h o 4.4 mg/kg cada 24 h,2.2,4.4,,,,,
v-perro-firocoxib,Firocoxib,,Perro,AINE,No,Oral,Tabletas 57 mg | Tabletas 227 mg,5 mg/kg cada 24 h,5,5,,,,,
v-perrogato-robenacoxib,Robenacoxib,,"Perro, Gato",AINE,No,Oral,Tabletas,1 a 2 mg/kg cada 24 h,1,2.4,,,,,
v-perrogato-metamizol-sodico,Metamizol sódico,,"Perro, Gato",Analgésico,No,Oral,Solución inyectable 500 mg/mL | Gotas,25 mg/kg cada 8-12 h,25,,,,,,
v-perro-tramadol,Tramadol,,Perro,Analgésico,Fracción III,Oral,Tabletas 50 mg | Solución en gotas 100 mg/mL,2 a 5 mg/kg cada 8-12 h,3,15,,,,,
v-perro-gabapentina,Gabapentina,,Perro,Neurología,No,Oral,Cápsulas 100 mg | Cápsulas 300 mg | Solución 50 mg/mL,10 mg/kg cada 8-12 h,10,30,Solución 50 mg/mL: 50 mg/mL,,,,
v-gato-gabapentina,Gabapentina,,Gato,Neurología,No,Oral,Cápsulas 100 mg | Solución 50 mg/mL,5 a 10 mg/kg cada 12 h,7.5,20,Solución 50 mg/mL: 50 mg/mL,,,,
v-perrogato-amoxicilina,Amoxicilina,,"Perro, Gato",Antibiótico,Antibiótico,Oral,Tabletas 50 mg | Tabletas 250 mg | Suspensión 50 mg/mL,10 a 20 mg/kg cada 12 h,15,40,Suspensión 50 mg/mL: 50 mg/mL,,,,
v-perrogato-amoxicilina-acido-clavulanico,Amoxicilina / ácido clavulánico,,"Perro, Gato",Antibiótico,Antibiótico,Oral,Tabletas 62.5 mg | Tabletas 250 mg | Tabletas 500 mg | Suspensión,12.5 a 25 mg/kg cada 12 h (suma de ambos),12.5,50,,mg/kg de la suma de amoxicilina y clavulanato.,,,
v-perrogato-cefalexina,Cefalexina,,"Perro, Gato",Antibiótico,Antibiótico,Oral,Tabletas 300 mg | Tabletas 600 mg | Suspensión,22 a 30 mg/kg cada 12 h,25,60,,,,,
v-perrogato-cefovecina,Cefovecina,,"Perro, Gato",Antibiótico,Antibiótico,Subcutánea,Frasco ámpula 800 mg,8 mg/kg dosis única; repetible a los 14 días,8,8,,,,,
v-perro-enrofloxacina,Enrofloxacina,,Perro,Antibiótico,Antibiótico,Oral,Tabletas 50 mg | Tabletas 150 mg | Solución inyectable 5% | Solución inyectable 10%,5 a 20 mg/kg cada 24 h,5,20,,,,,
v-gato-enrofloxacina,Enrofloxacina,,Gato,Antibiótico,Antibiótico,Oral,Tabletas 15 mg | Tabletas 50 mg | Solución inyectable 5%,5 mg/kg cada 24 h; no exceder,5,5,,Dosis mayores a 5 mg/kg/día pueden causar ceguera en gatos.,,,
v-perrogato-doxiciclina,Doxiciclina,,"Perro, Gato",Antibiótico,Antibiótico,Oral,Tabletas 100 mg | Suspensión,5 a 10 mg/kg cada 12 h,5,20,,,,,
v-perrogato-metronidazol,Metronidazol,,"Perro, Gato",Antibiótico,Antibiótico,Oral,Tabletas 250 mg | Tabletas 500 mg | Suspensión 125 mg/5 mL,10 a 15 mg/kg cada 12 h,12.5,30,,,,,
v-perrogato-clindamicina,Clindamicina,,"Perro, Gato",Antibiótico,Antibiótico,Oral,Cápsulas 75 mg | Cápsulas 150 mg | Cápsulas 300 mg,5 a 11 mg/kg cada 12 h,8,22,,,,,
v-perrogato-trimetoprima-sulfametoxazol,Trimetoprima / sulfametoxazol,,"Perro, Gato",Antibiótico,Antibiótico,Oral,Tabletas 480 mg | Suspensión,15 a 30 mg/kg cada 12 h (suma de ambos),20,60,,,,,
v-perro-prednisona,Prednisona,,Perro,Corticoide,No,Oral,Tabletas 5 mg | Tabletas 20 mg,0.5 a 1 mg/kg cada 24 h (antiinflamatorio),0.5,2,,,,,
v-gato-prednisolona,Prednisolona,,Gato,Corticoide,No,Oral,Tabletas 5 mg | Tabletas 20 mg,0.5 a 1 mg/kg cada 12-24 h (antiinflamatorio),0.5,2,,,,,
v-perrogato-dexametasona,Dexametasona,,"Perro, Gato",Corticoide,No,Oral,Tabletas 0.5 mg | Solución inyectable 2 mg/mL,0.1 a 0.2 mg/kg cada 24 h,0.1,0.3,,,,,
v-perrogato-maropitant,Maropitant,,"Perro, Gato",Gastrointestinal,No,Oral,Tabletas 16 mg | Tabletas 24 mg | Tabletas 60 mg | Solución inyectable 10 mg/mL,2 mg/kg cada 24 h (perro); 1 mg/kg cada 24 h (gato),1,,,,,,
v-perrogato-ondansetron,Ondansetrón,,"Perro, Gato",Gastrointestinal,No,Oral,Tabletas 4 mg | Ampolleta 8 mg/4 mL,0.5 mg/kg cada 12 h,0.5,1,,,,,
v-perrogato-metoclopramida,Metoclopramida,,"Perro, Gato",Gastrointestinal,No,Oral,Tabletas 10 mg | Solución inyectable 5 mg/mL,0.2 a 0.5 mg/kg cada 8 h,0.3,1.5,,,,,
v-perrogato-omeprazol,Omeprazol,,"Perro, Gato",Gastrointestinal,No,Oral,Cápsulas 20 mg,0.7 a 1 mg/kg cada 24 h,0.8,2,,,,,
v-perrogato-famotidina,Famotidina,,"Perro, Gato",Gastrointestinal,No,Oral,Tabletas 10 mg | Tabletas 20 mg,0.5 a 1 mg/kg cada 12-24 h,0.5,2,,,,,
v-perro-pimobendan,Pimobendán,,Perro,Cardiovascular,No,Oral,Tabletas 1.25 mg | Tabletas 5 mg | Cápsulas 2.5 mg,0.25 mg/kg cada 12 h,0.25,0.6,,,,,
v-perro-enalapril,Enalapril,,Perro,Cardiovascular,No,Oral,Tabletas 5 mg | Tabletas 10 mg,0.5 mg/kg cada 12-24 h,0.5,1,,,,,
v-perro-benazepril,Benazepril,,Perro,Cardiovascular,No,Oral,Tabletas 5 mg | Tabletas 20 mg,0.25 a 0.5 mg/kg cada 24 h,0.5,0.5,,,,,
v-perrogato-furosemida,Furosemida,,"Perro, Gato",Cardiovascular,No,Oral,Tabletas 40 mg | Solución inyectable 50 mg/mL,1 a 4 mg/kg cada 8-12 h según cuadro,2,,,,,,
v-perro-espironolactona,Espironolactona,,Perro,Cardiovascular,No,Oral,Tabletas 25 mg,1 a 2 mg/kg cada 12-24 h,1,4,,,,,
v-perrogato-praziquantel,Praziquantel,,"Perro, Gato",Antiparasitario,No,Oral,Tabletas 50 mg | Tabletas 150 mg,5 mg/kg dosis única,5,,,,,,
v-perrogato-pamoato-de-pirantel,Pamoato de pirantel,,"Perro, Gato",Antiparasitario,No,Oral,Suspensión 50 mg/mL | Tabletas,14.4 mg/kg (equivale a 5 mg/kg de pirantel base) dosis única,14.4,,,,,,
v-perrogato-fenbendazol,Fenbendazol,,"Perro, Gato",Antiparasitario,No,Oral,Suspensión 10% | Tabletas 500 mg,50 mg/kg cada 24 h por 3 a 5 días,50,,,,,,
v-perro-ivermectina,Ivermectina,,Perro,Antiparasitario,No,Oral,Solución 1% | Tabletas,6 mcg/kg mensual (dirofilariasis); 0.3 mg/kg en sarna,0.006,0.4,,"No usar en razas con mutación MDR1 sin pruebas (Collie, Pastor, etc.) a dosis de sarna.",,,
v-perro-afoxolaner,Afoxolaner,,Perro,Antiparasitario,No,Oral,Tabletas masticables,2.5 mg/kg cada mes,2.5,,,,,,
v-perro-fluralaner,Fluralaner,,Perro,Antiparasitario,No,Oral,Tabletas masticables,25 mg/kg cada 12 semanas,25,,,,,,
v-perrogato-selamectina,Selamectina,,"Perro, Gato",Antiparasitario,No,Tópica,Solución tópica spot-on,6 mg/kg cada mes,6,,,,,,
v-perro-milbemicina-oxima,Milbemicina oxima,,Perro,Antiparasitario,No,Oral,Tabletas,0.5 mg/kg cada mes,0.5,,,,,,
v-perrogato-itraconazol,Itraconazol,,"Perro, Gato",Antimicótico,No,Oral,Cápsulas 100 mg | Solución 10 mg/mL,5 a 10 mg/kg cada 24 h,5,10,Solución 10 mg/mL: 10 mg/mL,,,,
v-perrogato-ketoconazol,Ketoconazol,,"Perro, Gato",Antimicótico,No,Oral,Tabletas 200 mg,5 a 10 mg/kg cada 12-24 h,7.5,20,,,,,
v-perrogato-fluconazol,Fluconazol,,"Perro, Gato",Antimicótico,No,Oral,Cápsulas 100 mg | Suspensión,5 a 10 mg/kg cada 12-24 h,5,20,,,,,
v-perro-oclacitinib,Oclacitinib,,Perro,Antialérgico / dermatología,No,Oral,Tabletas 3.6 mg | Tabletas 5.4 mg | Tabletas 16 mg,0.4 a 0.6 mg/kg cada 12 h por 14 días y luego cada 24 h,0.5,1.2,,,,,
v-perrogato-cetirizina,Cetirizina,,"Perro, Gato",Antialérgico / dermatología,No,Oral,Tabletas 10 mg | Solución,1 mg/kg cada 24 h,1,2,,,,,
v-perrogato-difenhidramina,Difenhidramina,,"Perro, Gato",Antialérgico / dermatología,No,Oral,Tabletas 25 mg | Jarabe,2 mg/kg cada 8-12 h,2,6,,,,,
v-perro-fenobarbital,Fenobarbital,,Perro,Neurología,Fracción III,Oral,Tabletas 15 mg | Tabletas 100 mg,2.5 mg/kg cada 12 h,2.5,,,,,,
v-perro-levetiracetam,Levetiracetam,,Perro,Neurología,No,Oral,Tabletas 500 mg | Solución 100 mg/mL,20 mg/kg cada 8 h,20,,Solución 100 mg/mL: 100 mg/mL,,,,
v-conejo-meloxicam,Meloxicam,,Conejo,AINE,No,Oral,Suspensión 1.5 mg/mL | Solución inyectable 5 mg/mL,0.3 a 0.5 mg/kg cada 24 h,0.4,0.6,Suspensión 1.5 mg/mL: 1.5 mg/mL,,,,
v-conejo-enrofloxacina,Enrofloxacina,,Conejo,Antibiótico,Antibiótico,Oral,Solución inyectable 5% | Tabletas 50 mg,10 mg/kg cada 12 h,10,20,,,,,
v-conejo-fenbendazol,Fenbendazol,,Conejo,Antiparasitario,No,Oral,Suspensión 10%,20 mg/kg cada 24 h por 5 días,20,,,,,,
v-conejo-metoclopramida,Metoclopramida,,Conejo,Gastrointestinal,No,Oral,Tabletas 10 mg | Solución inyectable 5 mg/mL,0.5 mg/kg cada 8-12 h,0.5,,,,,,
