ID,Denominación genérica,Nombre comercial,Categoría,Control (fracción / receta),Vía,Presentaciones,Dosis típica,mg/kg por dosis,Máx. mg/kg por día,Concentraciones (mg/mL),Notas,Revisado por,Fecha de revisión,Observación
h-paracetamol,Paracetamol,,Analgésico / antipirético,No,Oral,Tabletas 500 mg | Tabletas 750 mg | Solución en gotas 100 mg/mL | Suspensión 160 mg/5 mL,500 mg a 1 g cada 6-8 h; máx. 4 g/día,12.5,75,Gotas 100 mg/mL: 100 mg/mL | Suspensión 160 mg/5 mL: 32 mg/mL,Pediátrico: 10-15 mg/kg por toma cada 4-6 h.,,,
h-metamizol-sodico,Metamizol sódico,,Analgésico / antipirético,No,Oral,Tabletas 500 mg | Ampolleta 1 g/2 mL | Solución en gotas 500 mg/mL,500 mg a 1 g cada 6-8 h,,,,,,,
h-acido-acetilsalicilico,Ácido acetilsalicílico,,AINE,No,Oral,Tabletas 100 mg | Tabletas 500 mg,Analgésico 500 mg cada 6-8 h; antiagregante 100 mg al día,,,,Evitar en menores de 16 años con fiebre (síndrome de Reye).,,,
h-tramadol,Tramadol,,Analgésico / antipirético,Fracción III,Oral,Cápsulas 50 mg | Solución en gotas 100 mg/mL | Ampolleta 100 mg/2 mL,50 mg cada 8 h,,,,,,,
h-tramadol-paracetamol,Tramadol / paracetamol,,Analgésico / antipirético,Fracción III,Oral,Tabletas 37.5 mg/325 mg,1 tableta cada 8 h,,,,,,,
h-ibuprofeno,Ibuprofeno,,AINE,No,Oral,Tabletas 400 mg | Tabletas 600 mg | Suspensión 100 mg/5 mL | Suspensión 200 mg/5 mL,400 mg cada 8 h con alimentos,7.5,40,Suspensión 100 mg/5 mL: 20 mg/mL | Suspensión 200 mg/5 mL: 40 mg/mL,Pediátrico: 5-10 mg/kg por toma cada 6-8 h.,,,
h-naproxeno,Naproxeno,,AINE,No,Oral,Tabletas 250 mg | Tabletas 500 mg | Suspensión 125 mg/5 mL,250 a 500 mg cada 12 h,6,20,Suspensión 125 mg/5 mL: 25 mg/mL,,,,
h-naproxeno-sodico,Naproxeno sódico,,AINE,No,Oral,Tabletas 275 mg | Tabletas 550 mg,275 a 550 mg cada 12 h,,,,,,,
h-diclofenaco,Diclofenaco,,AINE,No,Oral,Tabletas 50 mg | Cápsulas 100 mg liberación prolongada | Ampolleta 75 mg/3 mL,50 mg cada 8-12 h con alimentos,1,3,,,,,
h-ketorolaco,Ketorolaco,,AINE,No,Oral,Tabletas 10 mg | Tabletas sublinguales 30 mg | Ampolleta 30 mg/mL,10 mg cada 6-8 h; máx. 5 días,,,,,,,
h-meloxicam,Meloxicam,,AINE,No,Oral,Tabletas 7.5 mg | Tabletas 15 mg,7.5 a 15 mg una vez al día,,,,,,,
h-piroxicam,Piroxicam,,AINE,No,Oral,Cápsulas 20 mg,20 mg una vez al día,,,,,,,
h-indometacina,Indometacina,,AINE,No,Oral,Cápsulas 25 mg,25 mg cada 8-12 h con alimentos,,,,,,,
h-celecoxib,Celecoxib,,AINE,No,Oral,Cápsulas 100 mg | Cápsulas 200 mg,100 a 200 mg cada 12 h,,,,,,,
h-etoricoxib,Etoricoxib,,AINE,No,Oral,Tabletas 60 mg | Tabletas 90 mg | Tabletas 120 mg,60 a 120 mg una vez al día,,,,,,,
h-nimesulida,Nimesulida,,AINE,No,Oral,Tabletas 100 mg,100 mg cada 12 h,,,,,,,
h-dexketoprofeno,Dexketoprofeno,,AINE,No,Oral,Tabletas 25 mg,25 mg cada 8 h,,,,,,,
h-amoxicilina,Amoxicilina,,Antibiótico,Antibiótico,Oral,Cápsulas 500 mg | Tabletas 500 mg | Suspensión 250 mg/5 mL | Suspensión 500 mg/5 mL,500 mg cada 8 h,15,90,Suspensión 250 mg/5 mL: 50 mg/mL | Suspensión 500 mg/5 mL: 100 mg/mL,Pediátrico: 25-50 mg/kg/día divididos cada 8 h (hasta 90 mg/kg/día en dosis altas cada 12 h).,,,
h-amoxicilina-acido-clavulanico,Amoxicilina / ácido clavulánico,,Antibiótico,Antibiótico,Oral,Tabletas 500/125 mg | Tabletas 875/125 mg | Suspensión 250/62.5 mg por 5 mL | Suspensión 400/57 mg por 5 mL,875/125 mg cada 12 h,20,90,Suspensión 250/62.5 mg por 5 mL (amoxicilina): 50 mg/mL | Suspensión 400/57 mg por 5 mL (amoxicilina): 80 mg/mL,Las dosis en mg/kg se refieren al componente amoxicilina.,,,
h-ampicilina,Ampicilina,,Antibiótico,Antibiótico,Oral,Cápsulas 500 mg | Frasco ámpula 500 mg | Frasco ámpula 1 g,500 mg cada 6 h,,,,,,,
h-dicloxacilina,Dicloxacilina,,Antibiótico,Antibiótico,Oral,Cápsulas 500 mg | Suspensión 250 mg/5 mL,500 mg cada 6 h,12.5,100,Suspensión 250 mg/5 mL: 50 mg/mL,,,,
h-penicilina-g-benzatinica,Penicilina G benzatínica,,Antibiótico,Antibiótico,Intramuscular,"Frasco ámpula 1,200,000 UI","1,200,000 UI dosis única (faringitis estreptocócica)",,,,,,,
h-penicilina-g-procainica,Penicilina G procaínica,,Antibiótico,Antibiótico,Intramuscular,"Frasco ámpula 400,000 UI","600,000 a 1,200,000 UI cada 24 h",,,,,,,
h-cefalexina,Cefalexina,,Antibiótico,Antibiótico,Oral,Cápsulas 500 mg | Tabletas 500 mg | Suspensión 250 mg/5 mL,500 mg cada 6 h,12.5,100,Suspensión 250 mg/5 mL: 50 mg/mL,,,,
h-cefadroxilo,Cefadroxilo,,Antibiótico,Antibiótico,Oral,Cápsulas 500 mg | Suspensión 250 mg/5 mL,500 mg cada 12 h,15,50,Suspensión 250 mg/5 mL: 50 mg/mL,,,,
h-cefuroxima,Cefuroxima,,Antibiótico,Antibiótico,Oral,Tabletas 250 mg | Tabletas 500 mg | Suspensión 250 mg/5 mL,250 a 500 mg cada 12 h,15,30,Suspensión 250 mg/5 mL: 50 mg/mL,,,,
h-cefixima,Cefixima,,Antibiótico,Antibiótico,Oral,Cápsulas 400 mg | Suspensión 100 mg/5 mL,400 mg una vez al día,8,8,Suspensión 100 mg/5 mL: 20 mg/mL,,,,
h-ceftriaxona,Ceftriaxona,,Antibiótico,Antibiótico,Intramuscular,Frasco ámpula 500 mg | Frasco ámpula 1 g,1 g cada 12-24 h,,,,,,,
h-azitromicina,Azitromicina,,Antibiótico,Antibiótico,Oral,Tabletas 500 mg | Suspensión 200 mg/5 mL,500 mg una vez al día por 3 días,10,12,Suspensión 200 mg/5 mL: 40 mg/mL,,,,
h-claritromicina,Claritromicina,,Antibiótico,Antibiótico,Oral,Tabletas 250 mg | Tabletas 500 mg | Suspensión 125 mg/5 mL | Suspensión 250 mg/5 mL,500 mg cada 12 h,7.5,15,Suspensión 125 mg/5 mL: 25 mg/mL | Suspensión 250 mg/5 mL: 50 mg/mL,,,,
h-eritromicina,Eritromicina,,Antibiótico,Antibiótico,Oral,Tabletas 500 mg | Suspensión 250 mg/5 mL,500 mg cada 6 h,10,50,Suspensión 250 mg/5 mL: 50 mg/mL,,,,
h-clindamicina,Clindamicina,,Antibiótico,Antibiótico,Oral,Cápsulas 300 mg | Ampolleta 300 mg/2 mL,300 mg cada 6-8 h,7.5,40,,,,,
h-doxiciclina,Doxiciclina,,Antibiótico,Antibiótico,Oral,Tabletas 100 mg | Cápsulas 100 mg,100 mg cada 12 h,,,,Evitar en embarazo y en menores de 8 años.,,,
h-ciprofloxacino,Ciprofloxacino,,Antibiótico,Antibiótico,Oral,Tabletas 250 mg | Tabletas 500 mg,500 mg cada 12 h,,,,,,,
h-levofloxacino,Levofloxacino,,Antibiótico,Antibiótico,Oral,Tabletas 500 mg | Tabletas 750 mg,500 a 750 mg una vez al día,,,,,,,
h-moxifloxacino,Moxifloxacino,,Antibiótico,Antibiótico,Oral,Tabletas 400 mg,400 mg una vez al día,,,,,,,
h-trimetoprima-sulfametoxazol,Trimetoprima / sulfametoxazol,,Antibiótico,Antibiótico,Oral,Tabletas 80/400 mg | Tabletas 160/800 mg | Suspensión 40/200 mg por 5 mL,160/800 mg cada 12 h,4,12,Suspensión 40/200 mg por 5 mL (trimetoprima): 8 mg/mL,Las dosis en mg/kg se refieren al componente trimetoprima.,,,
h-metronidazol,Metronidazol,,Antibiótico,Antibiótico,Oral,Tabletas 500 mg | Óvulos 500 mg | Suspensión 250 mg/5 mL,500 mg cada 8 h,7.5,30,Suspensión 250 mg/5 mL: 50 mg/mL,,,,
h-tinidazol,Tinidazol,,Antibiótico,Antibiótico,Oral,Tabletas 500 mg,2 g dosis única,,,,,,,
h-nitrofurantoina,Nitrofurantoína,,Antibiótico,Antibiótico,Oral,Cápsulas 100 mg,100 mg cada 6-12 h,,,,,,,
h-fosfomicina,Fosfomicina,,Antibiótico,Antibiótico,Oral,Sobre 3 g,3 g dosis única,,,,,,,
h-gentamicina,Gentamicina,,Antibiótico,Antibiótico,Intramuscular,Ampolleta 80 mg/2 mL,3 a 5 mg/kg/día,,,,,,,
h-amikacina,Amikacina,,Antibiótico,Antibiótico,Intramuscular,Ampolleta 100 mg/2 mL | Ampolleta 500 mg/2 mL,15 mg/kg/día,,,,,,,
h-vancomicina,Vancomicina,,Antibiótico,Antibiótico,Intravenosa,Frasco ámpula 500 mg,15-20 mg/kg cada 8-12 h,,,,,,,
h-fluconazol,Fluconazol,,Antimicótico,No,Oral,Cápsulas 100 mg | Cápsulas 150 mg | Suspensión 50 mg/5 mL,150 mg dosis única (candidiasis vaginal); 100-200 mg/día,4,6,Suspensión 50 mg/5 mL: 10 mg/mL,,,,
h-ketoconazol,Ketoconazol,,Antimicótico,No,Oral,Tabletas 200 mg,200 mg una vez al día,,,,,,,
h-terbinafina,Terbinafina,,Antimicótico,No,Oral,Tabletas 250 mg,250 mg una vez al día,,,,,,,
h-itraconazol,Itraconazol,,Antimicótico,No,Oral,Cápsulas 100 mg,100 a 200 mg una vez al día,,,,,,,
h-nistatina,Nistatina,,Antimicótico,No,Oral,"Suspensión 100,000 UI/mL","100,000 UI (1 mL) cada 6 h en cavidad oral",,,,,,,
h-clotrimazol,Clotrimazol,,Antimicótico,No,Tópica,Crema 1% | Óvulos 100 mg | Óvulos 500 mg,Aplicar 2 veces al día,,,,,,,
h-miconazol,Miconazol,,Antimicótico,No,Tópica,Crema 2%,Aplicar 2 veces al día,,,,,,,
h-aciclovir,Aciclovir,,Antiviral,No,Oral,Tabletas 200 mg | Tabletas 400 mg | Tabletas 800 mg | Suspensión 200 mg/5 mL | Crema 5%,400 mg cada 8 h (herpes); 800 mg cada 4 h (zóster),20,80,Suspensión 200 mg/5 mL: 40 mg/mL,,,,
h-valaciclovir,Valaciclovir,,Antiviral,No,Oral,Tabletas 500 mg,500 mg a 1 g cada 12 h,,,,,,,
h-oseltamivir,Oseltamivir,,Antiviral,No,Oral,Cápsulas 75 mg,75 mg cada 12 h por 5 días,,,,,,,
h-albendazol,Albendazol,,Antiparasitario,No,Oral,Tabletas 200 mg | Tabletas 400 mg | Suspensión,400 mg dosis única,,,,,,,
h-mebendazol,Mebendazol,,Antiparasitario,No,Oral,Tabletas 100 mg,100 mg cada 12 h por 3 días,,,,,,,
h-nitazoxanida,Nitazoxanida,,Antiparasitario,No,Oral,Tabletas 500 mg | Suspensión 100 mg/5 mL,500 mg cada 12 h por 3 días,7.5,15,Suspensión 100 mg/5 mL: 20 mg/mL,,,,
h-ivermectina,Ivermectina,,Antiparasitario,No,Oral,Tabletas 6 mg,200 mcg/kg dosis única,0.2,0.4,,,,,
h-praziquantel,Praziquantel,,Antiparasitario,No,Oral,Tabletas 600 mg,Según parasitosis (p. ej. 5-10 mg/kg dosis única),,,,,,,
h-secnidazol,Secnidazol,,Antiparasitario,No,Oral,Tabletas 500 mg | Suspensión,2 g dosis única,,,,,,,
h-permetrina,Permetrina,,Antiparasitario,No,Tópica,Loción 1% | Crema 5%,Aplicar y enjuagar a las 8-12 h; repetir en 7 días,,,,,,,
h-loratadina,Loratadina,,Antihistamínico,No,Oral,Tabletas 10 mg | Jarabe 5 mg/5 mL,10 mg una vez al día,,,,,,,
h-cetirizina,Cetirizina,,Antihistamínico,No,Oral,Tabletas 10 mg | Solución en gotas 10 mg/mL | Jarabe 5 mg/5 mL,10 mg una vez al día,,,,,,,
h-levocetirizina,Levocetirizina,,Antihistamínico,No,Oral,Tabletas 5 mg,5 mg una vez al día,,,,,,,
h-desloratadina,Desloratadina,,Antihistamínico,No,Oral,Tabletas 5 mg | Jarabe 2.5 mg/5 mL,5 mg una vez al día,,,,,,,
h-fexofenadina,Fexofenadina,,Antihistamínico,No,Oral,Tabletas 120 mg | Tabletas 180 mg,120 a 180 mg una vez al día,,,,,,,
h-clorfenamina,Clorfenamina,,Antihistamínico,No,Oral,Tabletas 4 mg | Jarabe 2 mg/5 mL,4 mg cada 6-8 h,,,,,,,
h-hidroxizina,Hidroxizina,,Antihistamínico,No,Oral,Tabletas 10 mg | Tabletas 25 mg,25 mg cada 6-8 h,,,,,,,
h-salbutamol,Salbutamol,,Respiratorio,No,Inhalada,Inhalador 100 mcg/dosis | Jarabe 2 mg/5 mL | Tabletas 2 mg | Tabletas 4 mg,100-200 mcg (1-2 inhalaciones) cada 4-6 h según necesidad,0.1,0.3,Jarabe 2 mg/5 mL: 0.4 mg/mL,,,,
h-bromuro-de-ipratropio,Bromuro de ipratropio,,Respiratorio,No,Inhalada,Inhalador 20 mcg/dosis | Solución para nebulizar 0.25 mg/mL,2 inhalaciones cada 6-8 h,,,,,,,
h-budesonida,Budesonida,,Respiratorio,No,Inhalada,Suspensión para nebulizar 0.25 mg/mL | Suspensión para nebulizar 0.5 mg/mL | Inhalador 200 mcg/dosis,200-400 mcg cada 12 h,,,,,,,
h-beclometasona,Beclometasona,,Respiratorio,No,Inhalada,Inhalador 50 mcg/dosis | Inhalador 250 mcg/dosis,100-200 mcg cada 12 h,,,,,,,
h-fluticasona,Fluticasona,,Respiratorio,No,Nasal,Aerosol nasal 50 mcg/dosis,2 aplicaciones por fosa nasal al día,,,,,,,
h-mometasona,Mometasona,,Respiratorio,No,Nasal,Aerosol nasal 50 mcg/dosis,2 aplicaciones por fosa nasal al día,,,,,,,
h-montelukast,Montelukast,,Respiratorio,No,Oral,Tabletas 10 mg | Tabletas masticables 4 mg | Tabletas masticables 5 mg,10 mg al día por la noche (adultos); 5 mg 6-14 años; 4 mg 2-5 años,,,,,,,
h-ambroxol,Ambroxol,,Respiratorio,No,Oral,Tabletas 30 mg | Jarabe 15 mg/5 mL | Jarabe 30 mg/5 mL | Solución en gotas 7.5 mg/mL,30 mg cada 8 h,0.5,1.6,Jarabe 15 mg/5 mL: 3 mg/mL | Jarabe 30 mg/5 mL: 6 mg/mL | Gotas 7.5 mg/mL: 7.5 mg/mL,,,,
h-acetilcisteina,Acetilcisteína,,Respiratorio,No,Oral,Sobre 200 mg | Tabletas efervescentes 600 mg,600 mg una vez al día o 200 mg cada 8 h,,,,,,,
h-carbocisteina,Carbocisteína,,Respiratorio,No,Oral,Jarabe 250 mg/5 mL | Cápsulas 375 mg,750 mg cada 8 h,,,,,,,
h-dextrometorfano,Dextrometorfano,,Respiratorio,No,Oral,Jarabe 15 mg/5 mL,15-30 mg cada 6-8 h,,,,,,,
h-oximetazolina,Oximetazolina,,Respiratorio,No,Nasal,Solución nasal 0.05%,"2-3 gotas o 1-2 nebulizaciones cada 12 h, máx. 3 días",,,,,,,
h-cloruro-de-sodio-solucion-nasal,Cloruro de sodio solución nasal,,Respiratorio,No,Nasal,Solución 0.9% nebulizador,Lavados nasales según necesidad,,,,,,,
h-omeprazol,Omeprazol,,Gastrointestinal,No,Oral,Cápsulas 20 mg | Cápsulas 40 mg,20 mg una vez al día antes del desayuno,,,,,,,
h-pantoprazol,Pantoprazol,,Gastrointestinal,No,Oral,Tabletas 40 mg,40 mg una vez al día antes del desayuno,,,,,,,
h-esomeprazol,Esomeprazol,,Gastrointestinal,No,Oral,Tabletas 20 mg | Tabletas 40 mg,20 a 40 mg una vez al día,,,,,,,
h-lansoprazol,Lansoprazol,,Gastrointestinal,No,Oral,Cápsulas 30 mg,30 mg una vez al día,,,,,,,
h-famotidina,Famotidina,,Gastrointestinal,No,Oral,Tabletas 20 mg | Tabletas 40 mg,20 a 40 mg al acostarse,,,,,,,
h-sucralfato,Sucralfato,,Gastrointestinal,No,Oral,Tabletas 1 g | Suspensión 1 g/5 mL,1 g cada 6 h antes de alimentos,,,,,,,
h-hidroxido-de-aluminio-magnesio,Hidróxido de aluminio / magnesio,,Gastrointestinal,No,Oral,Suspensión oral,10-15 mL después de alimentos y al acostarse,,,,,,,
h-metoclopramida,Metoclopramida,,Gastrointestinal,No,Oral,Tabletas 10 mg | Ampolleta 10 mg/2 mL | Solución en gotas 4 mg/mL,10 mg cada 8 h antes de alimentos; máx. 5 días,,,,,,,
h-ondansetron,Ondansetrón,,Gastrointestinal,No,Oral,Tabletas 4 mg | Tabletas 8 mg | Ampolleta 8 mg/4 mL,4 a 8 mg cada 8-12 h,0.15,0.45,,,,,
h-domperidona,Domperidona,,Gastrointestinal,No,Oral,Tabletas 10 mg | Suspensión 5 mg/5 mL,10 mg cada 8 h antes de alimentos,0.25,0.75,Suspensión 5 mg/5 mL: 1 mg/mL,,,,
h-butilhioscina,Butilhioscina,,Gastrointestinal,No,Oral,Tabletas 10 mg | Ampolleta 20 mg/mL,10 mg cada 8 h,,,,,,,
h-trimebutina,Trimebutina,,Gastrointestinal,No,Oral,Tabletas 200 mg | Suspensión 24 mg/5 mL,200 mg cada 8 h antes de alimentos,,,,,,,
h-loperamida,Loperamida,,Gastrointestinal,No,Oral,Tabletas 2 mg,4 mg inicial y 2 mg tras cada evacuación; máx. 16 mg/día,,,,,,,
h-racecadotrilo,Racecadotrilo,,Gastrointestinal,No,Oral,Cápsulas 100 mg | Sobre 10 mg | Sobre 30 mg,100 mg cada 8 h,1.5,4.5,,,,,
h-simeticona,Simeticona,,Gastrointestinal,No,Oral,Tabletas 125 mg | Solución en gotas 100 mg/mL,40-125 mg después de alimentos,,,,,,,
h-lactulosa,Lactulosa,,Gastrointestinal,No,Oral,Solución 3.33 g/5 mL,15-30 mL al día,,,,,,,
h-polietilenglicol-3350,Polietilenglicol 3350,,Gastrointestinal,No,Oral,Sobre 17 g,17 g disueltos en agua una vez al día,,,,,,,
h-bisacodilo,Bisacodilo,,Gastrointestinal,No,Oral,Tabletas 5 mg | Supositorio 10 mg,5-10 mg al acostarse,,,,,,,
h-saccharomyces-boulardii,Saccharomyces boulardii,,Gastrointestinal,No,Oral,Cápsulas 250 mg | Sobre 250 mg,250 mg cada 12 h,,,,,,,
h-sales-de-rehidratacion-oral,Sales de rehidratación oral,,Gastrointestinal,No,Oral,Sobre para 1 litro | Solución lista para beber,"Tras cada evacuación líquida, a sorbos",,,,,,,
h-mesalazina,Mesalazina,,Gastrointestinal,No,Oral,Tabletas 500 mg,500 mg a 1 g cada 8 h,,,,,,,
h-prednisona,Prednisona,,Corticoide,No,Oral,Tabletas 5 mg | Tabletas 50 mg,5 a 60 mg/día según indicación,0.5,2,,,,,
h-metilprednisolona,Metilprednisolona,,Corticoide,No,Oral,Tabletas 4 mg | Tabletas 8 mg | Tabletas 16 mg | Frasco ámpula 40 mg | Frasco ámpula 500 mg,4 a 48 mg/día según indicación,,,,,,,
h-dexametasona,Dexametasona,,Corticoide,No,Oral,Tabletas 0.5 mg | Tabletas 4 mg | Ampolleta 8 mg/2 mL | Ampolleta 4 mg/mL,0.5 a 8 mg/día según indicación,,,,,,,
h-hidrocortisona,Hidrocortisona,,Corticoide,No,Intravenosa,Frasco ámpula 100 mg | Crema 1%,100 mg cada 6-8 h en urgencias,,,,,,,
h-deflazacort,Deflazacort,,Corticoide,No,Oral,Tabletas 6 mg | Tabletas 30 mg,6 a 90 mg/día según indicación,,,,,,,
h-betametasona,Betametasona,,Corticoide,No,Tópica,Crema 0.05% | Ungüento 0.05%,Aplicar capa fina 1-2 veces al día,,,,,,,
h-clobetasol,Clobetasol,,Corticoide,No,Tópica,Crema 0.05% | Ungüento 0.05%,"Aplicar capa fina cada 12 h, máx. 2 semanas",,,,,,,
h-losartan,Losartán,,Cardiovascular,No,Oral,Tabletas 50 mg | Tabletas 100 mg,50 a 100 mg una vez al día,,,,,,,
h-telmisartan,Telmisartán,,Cardiovascular,No,Oral,Tabletas 40 mg | Tabletas 80 mg,40 a 80 mg una vez al día,,,,,,,
h-valsartan,Valsartán,,Cardiovascular,No,Oral,Tabletas 80 mg | Tabletas 160 mg,80 a 160 mg una vez al día,,,,,,,
h-candesartan,Candesartán,,Cardiovascular,No,Oral,Tabletas 8 mg | Tabletas 16 mg,8 a 16 mg una vez al día,,,,,,,
h-enalapril,Enalapril,,Cardiovascular,No,Oral,Tabletas 10 mg | Tabletas 20 mg,10 a 20 mg cada 12-24 h,,,,,,,
h-captopril,Captopril,,Cardiovascular,No,Oral,Tabletas 25 mg | Tabletas 50 mg,25 a 50 mg cada 8-12 h,,,,,,,
h-lisinopril,Lisinopril,,Cardiovascular,No,Oral,Tabletas 10 mg | Tabletas 20 mg,10 a 40 mg una vez al día,,,,,,,
h-amlodipino,Amlodipino,,Cardiovascular,No,Oral,Tabletas 5 mg | Tabletas 10 mg,5 a 10 mg una vez al día,,,,,,,
h-nifedipino,Nifedipino,,Cardiovascular,No,Oral,Tabletas 30 mg liberación prolongada,30 a 60 mg una vez al día (liberación prolongada),,,,,,,
h-diltiazem,Diltiazem,,Cardiovascular,No,Oral,Tabletas 30 mg | Tabletas 60 mg | Cápsulas 90 mg liberación prolongada,60 mg cada 8 h,,,,,,,
h-metoprolol,Metoprolol,,Cardiovascular,No,Oral,Tabletas 50 mg | Tabletas 100 mg,50 a 100 mg cada 12 h,,,,,,,
h-atenolol,Atenolol,,Cardiovascular,No,Oral,Tabletas 50 mg | Tabletas 100 mg,50 a 100 mg una vez al día,,,,,,,
h-bisoprolol,Bisoprolol,,Cardiovascular,No,Oral,Tabletas 5 mg | Tabletas 10 mg,2.5 a 10 mg una vez al día,,,,,,,
h-carvedilol,Carvedilol,,Cardiovascular,No,Oral,Tabletas 6.25 mg | Tabletas 12.5 mg | Tabletas 25 mg,6.25 a 25 mg cada 12 h,,,,,,,
h-propranolol,Propranolol,,Cardiovascular,No,Oral,Tabletas 10 mg | Tabletas 40 mg,10 a 40 mg cada 8-12 h,,,,,,,
h-hidroclorotiazida,Hidroclorotiazida,,Cardiovascular,No,Oral,Tabletas 25 mg,12.5 a 25 mg una vez al día,,,,,,,
h-clortalidona,Clortalidona,,Cardiovascular,No,Oral,Tabletas 25 mg | Tabletas 50 mg,12.5 a 25 mg una vez al día,,,,,,,
h-furosemida,Furosemida,,Cardiovascular,No,Oral,Tabletas 40 mg | Ampolleta 20 mg/2 mL,20 a 80 mg/día,,,,,,,
h-espironolactona,Espironolactona,,Cardiovascular,No,Oral,Tabletas 25 mg | Tabletas 100 mg,25 a 100 mg/día,,,,,,,
h-hidralazina,Hidralazina,,Cardiovascular,No,Oral,Tabletas 50 mg,25 a 50 mg cada 8 h,,,,,,,
h-metildopa,Metildopa,,Cardiovascular,No,Oral,Tabletas 250 mg | Tabletas 500 mg,250 a 500 mg cada 8 h (hipertensión en el embarazo),,,,,,,
h-isosorbida-dinitrato,Isosorbida dinitrato,,Cardiovascular,No,Sublingual,Tabletas 5 mg | Tabletas 10 mg,5 mg sublingual en crisis; 10 mg cada 8 h,,,,,,,
h-clopidogrel,Clopidogrel,,Cardiovascular,No,Oral,Tabletas 75 mg,75 mg una vez al día,,,,,,,
h-warfarina,Warfarina,,Cardiovascular,No,Oral,Tabletas 5 mg,Individualizada según INR,,,,,,,
h-apixaban,Apixabán,,Cardiovascular,No,Oral,Tabletas 5 mg,5 mg cada 12 h,,,,,,,
h-rivaroxaban,Rivaroxabán,,Cardiovascular,No,Oral,Tabletas 15 mg | Tabletas 20 mg,20 mg una vez al día con alimentos,,,,,,,
h-digoxina,Digoxina,,Cardiovascular,No,Oral,Tabletas 0.25 mg,0.125 a 0.25 mg una vez al día,,,,,,,
h-amiodarona,Amiodarona,,Cardiovascular,No,Oral,Tabletas 200 mg,200 mg una vez al día (mantenimiento),,,,,,,
h-atorvastatina,Atorvastatina,,Hipolipemiante,No,Oral,Tabletas 10 mg | Tabletas 20 mg | Tabletas 40 mg | Tabletas 80 mg,10 a 80 mg por la noche,,,,,,,
h-rosuvastatina,Rosuvastatina,,Hipolipemiante,No,Oral,Tabletas 10 mg | Tabletas 20 mg,10 a 20 mg una vez al día,,,,,,,
h-simvastatina,Simvastatina,,Hipolipemiante,No,Oral,Tabletas 20 mg | Tabletas 40 mg,20 a 40 mg por la noche,,,,,,,
h-pravastatina,Pravastatina,,Hipolipemiante,No,Oral,Tabletas 20 mg | Tabletas 40 mg,20 a 40 mg por la noche,,,,,,,
h-ezetimiba,Ezetimiba,,Hipolipemiante,No,Oral,Tabletas 10 mg,10 mg una vez al día,,,,,,,
h-fenofibrato,Fenofibrato,,Hipolipemiante,No,Oral,Tabletas 160 mg | Cápsulas 200 mg,160 a 200 mg una vez al día con alimentos,,,,,,,
h-bezafibrato,Bezafibrato,,Hipolipemiante,No,Oral,Tabletas 200 mg | Tabletas 400 mg liberación prolongada,400 mg una vez al día (liberación prolongada),,,,,,,
h-gemfibrozilo,Gemfibrozilo,,Hipolipemiante,No,Oral,Tabletas 600 mg,600 mg cada 12 h antes de alimentos,,,,,,,
h-metformina,Metformina,,Antidiabético,No,Oral,Tabletas 500 mg | Tabletas 850 mg | Tabletas 1000 mg,500 a 850 mg cada 8-12 h con alimentos,,,,,,,
h-glibenclamida,Glibenclamida,,Antidiabético,No,Oral,Tabletas 5 mg,2.5 a 10 mg con el desayuno,,,,,,,
h-glimepirida,Glimepirida,,Antidiabético,No,Oral,Tabletas 2 mg | Tabletas 4 mg,1 a 4 mg con el desayuno,,,,,,,
h-sitagliptina,Sitagliptina,,Antidiabético,No,Oral,Tabletas 50 mg | Tabletas 100 mg,100 mg una vez al día,,,,,,,
h-linagliptina,Linagliptina,,Antidiabético,No,Oral,Tabletas 5 mg,5 mg una vez al día,,,,,,,
h-vildagliptina,Vildagliptina,,Antidiabético,No,Oral,Tabletas 50 mg,50 mg cada 12 h,,,,,,,
h-dapagliflozina,Dapagliflozina,,Antidiabético,No,Oral,Tabletas 10 mg,10 mg una vez al día,,,,,,,
h-empagliflozina,Empagliflozina,,Antidiabético,No,Oral,Tabletas 10 mg | Tabletas 25 mg,10 a 25 mg una vez al día,,,,,,,
h-pioglitazona,Pioglitazona,,Antidiabético,No,Oral,Tabletas 15 mg | Tabletas 30 mg,15 a 45 mg una vez al día,,,,,,,
h-insulina-nph,Insulina NPH,,Antidiabético,No,Subcutánea,Frasco ámpula 100 UI/mL,Individualizada,,,,,,,
h-insulina-glargina,Insulina glargina,,Antidiabético,No,Subcutánea,Pluma 100 UI/mL,"Individualizada, una vez al día",,,,,,,
h-insulina-humana-regular,Insulina humana regular,,Antidiabético,No,Subcutánea,Frasco ámpula 100 UI/mL,Individualizada antes de alimentos,,,,,,,
h-levotiroxina,Levotiroxina,,Hormonal,No,Oral,Tabletas 25 mcg | Tabletas 50 mcg | Tabletas 75 mcg | Tabletas 100 mcg | Tabletas 125 mcg | Tabletas 150 mcg,"1.6 mcg/kg/día; ajustar con TSH, en ayunas",,,,,,,
h-metimazol,Metimazol,,Hormonal,No,Oral,Tabletas 5 mg | Tabletas 10 mg,5 a 30 mg/día,,,,,,,
h-estradiol,Estradiol,,Hormonal,No,Oral,Tabletas 1 mg | Tabletas 2 mg,1 a 2 mg una vez al día,,,,,,,
h-progesterona-micronizada,Progesterona micronizada,,Hormonal,No,Oral,Cápsulas 100 mg | Cápsulas 200 mg,100 a 200 mg por la noche,,,,,,,
h-medroxiprogesterona,Medroxiprogesterona,,Hormonal,No,Intramuscular,Suspensión inyectable 150 mg/mL,150 mg cada 3 meses (anticoncepción),,,,,,,
h-levonorgestrel,Levonorgestrel,,Hormonal,No,Oral,Tabletas 1.5 mg,"1.5 mg dosis única, lo antes posible (anticoncepción de emergencia)",,,,,,,
h-etinilestradiol-levonorgestrel,Etinilestradiol / levonorgestrel,,Hormonal,No,Oral,Tabletas 0.03 mg/0.15 mg,1 tableta diaria por 21 días,,,,,,,
h-cabergolina,Cabergolina,,Hormonal,No,Oral,Tabletas 0.5 mg,0.25 a 1 mg dos veces por semana,,,,,,,
h-clomifeno,Clomifeno,,Hormonal,No,Oral,Tabletas 50 mg,50 mg al día por 5 días,,,,,,,
h-misoprostol,Misoprostol,,Gastrointestinal,No,Oral,Tabletas 200 mcg,200 mcg cada 6 h,,,,Contraindicado en embarazo.,,,
h-acido-tranexamico,Ácido tranexámico,,Hormonal,No,Oral,Tabletas 500 mg | Ampolleta 500 mg/5 mL,1 g cada 8 h durante la menstruación,,,,,,,
h-clonazepam,Clonazepam,,Psiquiatría,Fracción III,Oral,Tabletas 0.5 mg | Tabletas 2 mg | Solución en gotas 2.5 mg/mL,0.5 a 2 mg al día,,,,,,,
h-alprazolam,Alprazolam,,Psiquiatría,Fracción III,Oral,Tabletas 0.25 mg | Tabletas 0.5 mg | Tabletas 1 mg,0.25 a 0.5 mg cada 8 h,,,,,,,
h-diazepam,Diazepam,,Psiquiatría,Fracción III,Oral,Tabletas 5 mg | Tabletas 10 mg | Ampolleta 10 mg/2 mL,2 a 10 mg cada 8-12 h,,,,,,,
h-lorazepam,Lorazepam,,Psiquiatría,Fracción III,Oral,Tabletas 1 mg | Tabletas 2 mg,0.5 a 2 mg cada 8-12 h,,,,,,,
h-bromazepam,Bromazepam,,Psiquiatría,Fracción III,Oral,Tabletas 3 mg,1.5 a 3 mg cada 8-12 h,,,,,,,
h-zolpidem,Zolpidem,,Psiquiatría,Fracción III,Oral,Tabletas 10 mg,5 a 10 mg al acostarse,,,,,,,
h-fenobarbital,Fenobarbital,,Neurología,Fracción III,Oral,Tabletas 100 mg,Individualizada,,,,,,,
h-morfina,Morfina,,Analgésico / antipirético,Fracción I o II,Oral,Solución | Ampolleta,Requiere receta especial con código de barras,,,,,,,
h-fentanilo,Fentanilo,,Analgésico / antipirético,Fracción I o II,Intravenosa,Ampolleta | Parche transdérmico,Requiere receta especial con código de barras,,,,,,,
h-metilfenidato,Metilfenidato,,Psiquiatría,Fracción I o II,Oral,Tabletas 10 mg,Requiere receta especial con código de barras,,,,,,,
h-sertralina,Sertralina,,Psiquiatría,No,Oral,Tabletas 50 mg | Tabletas 100 mg,50 a 200 mg una vez al día,,,,,,,
h-fluoxetina,Fluoxetina,,Psiquiatría,No,Oral,Cápsulas 20 mg | Tabletas 20 mg,20 a 40 mg por la mañana,,,,,,,
h-escitalopram,Escitalopram,,Psiquiatría,No,Oral,Tabletas 10 mg | Tabletas 20 mg,10 a 20 mg una vez al día,,,,,,,
h-paroxetina,Paroxetina,,Psiquiatría,No,Oral,Tabletas 20 mg,20 mg una vez al día,,,,,,,
h-venlafaxina,Venlafaxina,,Psiquiatría,No,Oral,Cápsulas 75 mg liberación prolongada | Cápsulas 150 mg liberación prolongada,75 a 225 mg/día,,,,,,,
h-duloxetina,Duloxetina,,Psiquiatría,No,Oral,Cápsulas 30 mg | Cápsulas 60 mg,30 a 60 mg una vez al día,,,,,,,
h-amitriptilina,Amitriptilina,,Psiquiatría,No,Oral,Tabletas 25 mg,10 a 75 mg por la noche,,,,,,,
h-mirtazapina,Mirtazapina,,Psiquiatría,No,Oral,Tabletas 15 mg | Tabletas 30 mg,15 a 45 mg por la noche,,,,,,,
h-trazodona,Trazodona,,Psiquiatría,No,Oral,Tabletas 50 mg | Tabletas 100 mg,50 a 150 mg por la noche,,,,,,,
h-buspirona,Buspirona,,Psiquiatría,No,Oral,Tabletas 10 mg,10 mg cada 8-12 h,,,,,,,
h-quetiapina,Quetiapina,,Psiquiatría,No,Oral,Tabletas 25 mg | Tabletas 100 mg | Tabletas 200 mg,25 a 800 mg/día según indicación,,,,,,,
h-risperidona,Risperidona,,Psiquiatría,No,Oral,Tabletas 1 mg | Tabletas 2 mg | Tabletas 3 mg,1 a 6 mg/día,,,,,,,
h-olanzapina,Olanzapina,,Psiquiatría,No,Oral,Tabletas 5 mg | Tabletas 10 mg,5 a 20 mg una vez al día,,,,,,,
h-aripiprazol,Aripiprazol,,Psiquiatría,No,Oral,Tabletas 5 mg | Tabletas 10 mg | Tabletas 15 mg,5 a 30 mg una vez al día,,,,,,,
h-haloperidol,Haloperidol,,Psiquiatría,No,Oral,Tabletas 5 mg | Ampolleta 5 mg/mL,0.5 a 5 mg cada 8-12 h,,,,,,,
h-carbonato-de-litio,Carbonato de litio,,Psiquiatría,No,Oral,Tabletas 300 mg,Individualizada según litemia,,,,,,,
h-carbamazepina,Carbamazepina,,Neurología,No,Oral,Tabletas 200 mg | Suspensión 100 mg/5 mL,200 a 400 mg cada 8-12 h,,,,,,,
h-acido-valproico,Ácido valproico,,Neurología,No,Oral,Tabletas 250 mg | Tabletas 500 mg | Solución 250 mg/5 mL,250 a 500 mg cada 8-12 h,,,,Contraindicado en embarazo.,,,
h-lamotrigina,Lamotrigina,,Neurología,No,Oral,Tabletas 25 mg | Tabletas 100 mg,Titulación gradual; 100 a 400 mg/día,,,,,,,
h-levetiracetam,Levetiracetam,,Neurología,No,Oral,Tabletas 500 mg | Tabletas 1000 mg | Solución 100 mg/mL,500 a 1500 mg cada 12 h,,,,,,,
h-fenitoina,Fenitoína,,Neurología,No,Oral,Tabletas 100 mg | Cápsulas 100 mg,300 a 400 mg/día,,,,,,,
h-topiramato,Topiramato,,Neurología,No,Oral,Tabletas 25 mg | Tabletas 50 mg | Tabletas 100 mg,25 a 200 mg cada 12 h,,,,,,,
h-gabapentina,Gabapentina,,Neurología,No,Oral,Cápsulas 300 mg | Tabletas 600 mg,300 a 600 mg cada 8 h,,,,,,,
h-pregabalina,Pregabalina,,Neurología,No,Oral,Cápsulas 75 mg | Cápsulas 150 mg,75 a 150 mg cada 12 h,,,,,,,
h-sumatriptan,Sumatriptán,,Neurología,No,Oral,Tabletas 50 mg | Tabletas 100 mg,50 a 100 mg al inicio de la crisis,,,,,,,
h-rizatriptan,Rizatriptán,,Neurología,No,Oral,Tabletas 10 mg,10 mg al inicio de la crisis,,,,,,,
h-flunarizina,Flunarizina,,Neurología,No,Oral,Tabletas 5 mg | Tabletas 10 mg,5 a 10 mg por la noche,,,,,,,
h-betahistina,Betahistina,,Neurología,No,Oral,Tabletas 8 mg | Tabletas 16 mg | Tabletas 24 mg,16 mg cada 8 h,,,,,,,
h-piracetam,Piracetam,,Neurología,No,Oral,Tabletas 800 mg | Tabletas 1200 mg,800 mg cada 8-12 h,,,,,,,
h-levodopa-carbidopa,Levodopa / carbidopa,,Neurología,No,Oral,Tabletas 250/25 mg,Individualizada,,,,,,,
h-donepezilo,Donepezilo,,Neurología,No,Oral,Tabletas 5 mg | Tabletas 10 mg,5 a 10 mg por la noche,,,,,,,
h-memantina,Memantina,,Neurología,No,Oral,Tabletas 10 mg,10 mg cada 12 h,,,,,,,
h-melatonina,Melatonina,,Vitaminas y suplementos,No,Oral,Tabletas 3 mg,3 mg por la noche,,,,,,,
h-ciclobenzaprina,Ciclobenzaprina,,Relajante muscular,No,Oral,Tabletas 10 mg,10 mg cada 8-12 h,,,,,,,
h-metocarbamol,Metocarbamol,,Relajante muscular,No,Oral,Tabletas 500 mg,500 a 1500 mg cada 6-8 h,,,,,,,
h-tizanidina,Tizanidina,,Relajante muscular,No,Oral,Tabletas 2 mg | Tabletas 4 mg,2 a 4 mg cada 8 h,,,,,,,
h-baclofeno,Baclofeno,,Relajante muscular,No,Oral,Tabletas 10 mg,5 a 20 mg cada 8 h,,,,,,,
h-colchicina,Colchicina,,Relajante muscular,No,Oral,Tabletas 0.5 mg,0.5 mg cada 8-12 h,,,,,,,
h-alopurinol,Alopurinol,,Relajante muscular,No,Oral,Tabletas 100 mg | Tabletas 300 mg,100 a 300 mg una vez al día,,,,,,,
h-febuxostat,Febuxostat,,Relajante muscular,No,Oral,Tabletas 80 mg,80 mg una vez al día,,,,,,,
h-tamsulosina,Tamsulosina,,Urología,No,Oral,Cápsulas 0.4 mg,0.4 mg una vez al día,,,,,,,
h-finasterida,Finasterida,,Urología,No,Oral,Tabletas 5 mg,5 mg una vez al día,,,,,,,
h-sildenafil,Sildenafil,,Urología,No,Oral,Tabletas 50 mg | Tabletas 100 mg,50 mg una hora antes de la actividad sexual,,,,,,,
h-tadalafilo,Tadalafilo,,Urología,No,Oral,Tabletas 5 mg | Tabletas 20 mg,5 mg diarios o 20 mg a demanda,,,,,,,
h-oxibutinina,Oxibutinina,,Urología,No,Oral,Tabletas 5 mg,5 mg cada 8-12 h,,,,,,,
h-solifenacina,Solifenacina,,Urología,No,Oral,Tabletas 5 mg | Tabletas 10 mg,5 a 10 mg una vez al día,,,,,,,
h-fenazopiridina,Fenazopiridina,,Urología,No,Oral,Tabletas 100 mg | Tabletas 200 mg,200 mg cada 8 h por máximo 2 días,,,,,,,
h-acido-folico,Ácido fólico,,Vitaminas y suplementos,No,Oral,Tabletas 5 mg | Tabletas 400 mcg,5 mg al día (400 mcg en prevención),,,,,,,
h-sulfato-ferroso,Sulfato ferroso,,Vitaminas y suplementos,No,Oral,Tabletas 200 mg (65 mg de hierro) | Solución 125 mg/mL,65 mg de hierro elemental cada 8-24 h,3,6,,,,,
h-colecalciferol-vitamina-d3,Colecalciferol (vitamina D3),,Vitaminas y suplementos,No,Oral,Gotas 400 UI/gota | Cápsulas 1000 UI | Cápsulas 5000 UI,1000 a 4000 UI al día,,,,,,,
h-cianocobalamina-vitamina-b12,Cianocobalamina (vitamina B12),,Vitaminas y suplementos,No,Intramuscular,Ampolleta 1000 mcg | Tabletas 1000 mcg,1000 mcg cada semana o cada mes,,,,,,,
h-tiamina-piridoxina-cianocobalamina,Tiamina / piridoxina / cianocobalamina,,Vitaminas y suplementos,No,Oral,Tabletas | Ampolleta,1 a 2 tabletas al día,,,,,,,
h-acido-ascorbico-vitamina-c,Ácido ascórbico (vitamina C),,Vitaminas y suplementos,No,Oral,Tabletas 500 mg,500 mg al día,,,,,,,
h-calcio-vitamina-d,Calcio / vitamina D,,Vitaminas y suplementos,No,Oral,Tabletas 600 mg/400 UI,600 mg/400 UI cada 12 h,,,,,,,
h-zinc,Zinc,,Vitaminas y suplementos,No,Oral,Tabletas 20 mg | Solución,10 a 20 mg al día,,,,,,,
h-omega-3,Omega 3,,Vitaminas y suplementos,No,Oral,Cápsulas 1 g,1 g al día,,,,,,,
h-acido-fusidico,Ácido fusídico,,Dermatología (tópico),No,Tópica,Crema 2% | Ungüento 2%,Aplicar 3 veces al día,,,,,,,
h-mupirocina,Mupirocina,,Dermatología (tópico),No,Tópica,Ungüento 2%,Aplicar 3 veces al día por 5-10 días,,,,,,,
h-sulfadiazina-de-plata,Sulfadiazina de plata,,Dermatología (tópico),No,Tópica,Crema 1%,Aplicar 1-2 veces al día en quemaduras,,,,,,,
h-tretinoina,Tretinoína,,Dermatología (tópico),No,Tópica,Crema 0.025% | Crema 0.05% | Gel 0.025%,Aplicar por la noche,,,,,,,
h-adapaleno,Adapaleno,,Dermatología (tópico),No,Tópica,Gel 0.1%,Aplicar por la noche,,,,,,,
h-peroxido-de-benzoilo,Peróxido de benzoílo,,Dermatología (tópico),No,Tópica,Gel 5%,Aplicar 1-2 veces al día,,,,,,,
h-clindamicina-topica,Clindamicina tópica,,Dermatología (tópico),No,Tópica,Gel 1% | Solución 1%,Aplicar 2 veces al día,,,,,,,
h-isotretinoina,Isotretinoína,,Dermatología (tópico),No,Oral,Cápsulas 20 mg,0.5 a 1 mg/kg/día,,,,Teratogénica: requiere anticoncepción y seguimiento.,,,
h-minoxidil,Minoxidil,,Dermatología (tópico),No,Tópica,Solución 2% | Solución 5%,1 mL dos veces al día,,,,,,,
h-urea,Urea,,Dermatología (tópico),No,Tópica,Crema 10% | Crema 20%,Aplicar 1-2 veces al día,,,,,,,
h-calamina,Calamina,,Dermatología (tópico),No,Tópica,Loción,Aplicar según necesidad,,,,,,,
h-diclofenaco-topico,Diclofenaco tópico,,AINE,No,Tópica,Gel 1%,Aplicar 3-4 veces al día,,,,,,,
h-povidona-yodada,Povidona yodada,,Dermatología (tópico),No,Tópica,Solución 10%,Aplicar en la zona según necesidad,,,,,,,
h-tobramicina-oftalmica,Tobramicina oftálmica,,Oftalmología,No,Oftálmica,Solución oftálmica 0.3%,1-2 gotas cada 4-6 h,,,,,,,
h-tobramicina-dexametasona-oftalmica,Tobramicina / dexametasona oftálmica,,Oftalmología,No,Oftálmica,Solución oftálmica 0.3%/0.1% | Ungüento oftálmico,1-2 gotas cada 6 h,,,,,,,
h-ciprofloxacino-oftalmico,Ciprofloxacino oftálmico,,Oftalmología,No,Oftálmica,Solución oftálmica 0.3%,1-2 gotas cada 4-6 h,,,,,,,
h-carboximetilcelulosa,Carboximetilcelulosa,,Oftalmología,No,Oftálmica,Solución oftálmica 0.5%,1-2 gotas según necesidad,,,,,,,
h-olopatadina,Olopatadina,,Oftalmología,No,Oftálmica,Solución oftálmica 0.1%,1 gota cada 12 h,,,,,,,
h-timolol-oftalmico,Timolol oftálmico,,Oftalmología,No,Oftálmica,Solución oftálmica 0.5%,1 gota cada 12 h,,,,,,,
h-latanoprost,Latanoprost,,Oftalmología,No,Oftálmica,Solución oftálmica 0.005%,1 gota por la noche,,,,,,,
h-ciprofloxacino-otico,Ciprofloxacino ótico,,Otología,No,Ótica,Solución ótica 0.3%,3-4 gotas cada 12 h,,,,,,,
h-neomicina-polimixina-hidrocortisona-otica,Neomicina / polimixina / hidrocortisona ótica,,Otología,No,Ótica,Solución ótica,3-4 gotas cada 6-8 h,,,,,,,
h-lidocaina,Lidocaína,,Anestésico local,No,Tópica,Gel 2% | Spray 10% | Solución inyectable 2%,Aplicar según necesidad,,,,,,,
h-lidocaina-con-epinefrina,Lidocaína con epinefrina,,Anestésico local,No,Otra,"Cartucho dental 2% con epinefrina 1:100,000 | Solución inyectable 2% con epinefrina",Infiltración según procedimiento,,,,,,,
h-bupivacaina,Bupivacaína,,Anestésico local,No,Otra,Solución inyectable 0.5%,Infiltración según procedimiento,,,,,,,
h-articaina-con-epinefrina,Articaína con epinefrina,,Anestésico local,No,Otra,"Cartucho dental 4% con epinefrina 1:100,000",Infiltración dental,,,,,,,
h-clorhexidina,Clorhexidina,,Dermatología (tópico),No,Tópica,Colutorio 0.12%,Enjuagar 15 mL por 30 s cada 12 h,,,,,,,
