Especie o sujeto,Tipo,Nombre,Refuerzo sugerido,Nota,Revisado por,Fecha de revisión,Observación
Bovino,Vacuna,Clostridiasis (7 vías),365 días,,,,
Bovino,Vacuna,Derriengue (rabia paralítica),365 días,Zonas endémicas,,,
Bovino,Vacuna,Brucelosis (cepa 19 / RB51),Sin refuerzo automático,Terneras 3 a 8 meses; campaña oficial,,,
Bovino,Vacuna,IBR / DVB / PI3,365 días,,,,
Bovino,Desparasitación interna,Desparasitante interno,180 días,,,,
Bovino,Desparasitación externa,Garrapaticida,21 días,Según infestación,,,
Conejo,Vacuna,Enfermedad hemorrágica viral,365 días,,,,
Conejo,Vacuna,Mixomatosis,365 días,,,,
Conejo,Desparasitación interna,Desparasitante interno,90 días,,,,
Equino,Vacuna,Tétanos,365 días,,,,
Equino,Vacuna,Influenza equina,180 días,,,,
Equino,Vacuna,Encefalomielitis equina,365 días,,,,
Equino,Vacuna,Rabia,365 días,,,,
Equino,Vacuna,Rinoneumonitis (herpesvirus equino),180 días,,,,
Equino,Desparasitación interna,Desparasitante interno,90 días,Según conteo de huevecillos,,,
Gato,Vacuna,Triple felina (FVRCP) - gatito,21 días,Cada 3 a 4 semanas hasta las 16 semanas,,,
Gato,Vacuna,Triple felina (FVRCP) - refuerzo anual,365 días,,,,
Gato,Vacuna,Leucemia felina (FeLV),365 días,,,,
Gato,Vacuna,Rabia,365 días,Obligatoria; refuerzo anual,,,
Gato,Desparasitación interna,Desparasitante interno,90 días,Cada 3 meses (cada mes en gatitos),,,
Gato,Desparasitación externa,Antipulgas,30 días,Mensual según producto,,,
Ovino / caprino,Vacuna,Clostridiasis,365 días,,,,
Ovino / caprino,Vacuna,Rabia,365 días,Zonas endémicas,,,
Ovino / caprino,Desparasitación interna,Desparasitante interno,90 días,,,,
Perro,Vacuna,Puppy (DA2PP/DHPP) - cachorro,21 días,Cada 3 a 4 semanas hasta las 16 semanas,,,
Perro,Vacuna,Múltiple (DA2PP/DHPPi) - refuerzo anual,365 días,,,,
Perro,Vacuna,Leptospirosis,365 días,,,,
Perro,Vacuna,Rabia,365 días,Obligatoria; refuerzo anual,,,
Perro,Vacuna,Bordetella (tos de las perreras),365 días,,,,
Perro,Vacuna,Giardia,365 días,,,,
Perro,Desparasitación interna,Desparasitante interno,90 días,Cada 3 meses (cada mes en cachorros),,,
Perro,Desparasitación externa,Antipulgas y garrapatas,30 días,Mensual según producto,,,
Porcino,Vacuna,Fiebre porcina clásica,180 días,Campaña oficial,,,
Porcino,Vacuna,Parvovirus / Erisipela,180 días,,,,
Porcino,Desparasitación interna,Desparasitante interno,120 días,,,,
Personas (esquema básico de referencia),Vacuna,BCG (tuberculosis),Sin refuerzo automático,Dosis única al nacer,,,
Personas (esquema básico de referencia),Vacuna,Hepatitis B,30 días,"Al nacer, 2 y 6 meses (3 dosis)",,,
Personas (esquema básico de referencia),Vacuna,Hexavalente acelular (DPaT+VIP+Hib),60 días,"2, 4, 6 y 18 meses",,,
Personas (esquema básico de referencia),Vacuna,Rotavirus,60 días,2 y 4 meses,,,
Personas (esquema básico de referencia),Vacuna,Neumocócica conjugada,60 días,"2, 4 y 12 meses",,,
Personas (esquema básico de referencia),Vacuna,Influenza,365 días,Anual (6 meses en adelante),,,
Personas (esquema básico de referencia),Vacuna,"SRP (sarampión, rubéola, parotiditis)",Sin refuerzo automático,12 meses y 6 años,,,
Personas (esquema básico de referencia),Vacuna,DPT (refuerzo),Sin refuerzo automático,4 años,,,
Personas (esquema básico de referencia),Vacuna,VPH (virus del papiloma humano),180 días,Niñas y niños de 5.º de primaria: 2 dosis,,,
Personas (esquema básico de referencia),Vacuna,Td (tétanos y difteria),3650 días,Refuerzo cada 10 años,,,
Personas (esquema básico de referencia),Vacuna,SR (sarampión y rubéola),Sin refuerzo automático,Adolescentes y adultos sin esquema,,,
Personas (esquema básico de referencia),Vacuna,COVID-19,365 días,Según lineamientos vigentes,,,
Personas (esquema básico de referencia),Vacuna,Neumococo 23 valente,Sin refuerzo automático,Adultos mayores de 60 años o con riesgo,,,
Personas (esquema básico de referencia),Otro,Otra,Sin refuerzo automático,,,,
