indicator,sex,age_months,l,m,s
bmi_for_age,F,0.0,-0.0631,13.3363,0.09272
bmi_for_age,F,1.0,0.3448,14.5679,0.09556
bmi_for_age,F,2.0,0.1749,15.7679,0.09371
bmi_for_age,F,3.0,0.0643,16.3574,0.09254
bmi_for_age,F,4.0,-0.0191,16.6703,0.09166
bmi_for_age,F,5.0,-0.0864,16.8386,0.09096
bmi_for_age,F,6.0,-0.1429,16.9083,0.09036
bmi_for_age,F,7.0,-0.1916,16.9020,0.08984
bmi_for_age,F,8.0,-0.2344,16.8404,0.08939
bmi_for_age,F,9.0,-0.2725,16.7406,0.08898
bmi_for_age,F,10.0,-0.3068,16.6184,0.08861
bmi_for_age,F,11.0,-0.3381,16.4875,0.08828
bmi_for_age,F,12.0,-0.3667,16.3568,0.08797
bmi_for_age,F,13.0,-0.3932,16.2311,0.08768
bmi_for_age,F,14.0,-0.4177,16.1128,0.08741
bmi_for_age,F,15.0,-0.4407,16.0028,0.08716
bmi_for_age,F,16.0,-0.4623,15.9017,0.08693
bmi_for_age,F,17.0,-0.4825,15.8096,0.08671
bmi_for_age,F,18.0,-0.5017,15.7263,0.08650
bmi_for_age,F,19.0,-0.5199,15.6517,0.08630
bmi_for_age,F,20.0,-0.5372,15.5855,0.08612
bmi_for_age,F,21.0,-0.5537,15.5278,0.08594
bmi_for_age,F,22.0,-0.5695,15.4787,0.08577
bmi_for_age,F,23.0,-0.5846,15.4380,0.08560
bmi_for_age,F,24.0,-0.5684,15.6881,0.08454
bmi_for_age,F,25.0,-0.5684,15.6590,0.08452
bmi_for_age,F,26.0,-0.5684,15.6308,0.08449
bmi_for_age,F,27.0,-0.5684,15.6037,0.08446
bmi_for_age,F,28.0,-0.5684,15.5777,0.08444
bmi_for_age,F,29.0,-0.5684,15.5523,0.08443
bmi_for_age,F,30.0,-0.5684,15.5276,0.08444
bmi_for_age,F,31.0,-0.5684,15.5034,0.08448
bmi_for_age,F,32.0,-0.5684,15.4798,0.08455
bmi_for_age,F,33.0,-0.5684,15.4572,0.08467
bmi_for_age,F,34.0,-0.5684,15.4356,0.08484
bmi_for_age,F,35.0,-0.5684,15.4155,0.08506
bmi_for_age,F,36.0,-0.5684,15.3968,0.08535
bmi_for_age,F,37.0,-0.5684,15.3796,0.08569
bmi_for_age,F,38.0,-0.5684,15.3638,0.08609
bmi_for_age,F,39.0,-0.5684,15.3493,0.08654
bmi_for_age,F,40.0,-0.5684,15.3358,0.08704
bmi_for_age,F,41.0,-0.5684,15.3233,0.08757
bmi_for_age,F,42.0,-0.5684,15.3116,0.08813
bmi_for_age,F,43.0,-0.5684,15.3007,0.08872
bmi_for_age,F,44.0,-0.5684,15.2905,0.08931
bmi_for_age,F,45.0,-0.5684,15.2814,0.08991
bmi_for_age,F,46.0,-0.5684,15.2732,0.09051
bmi_for_age,F,47.0,-0.5684,15.2661,0.09110
bmi_for_age,F,48.0,-0.5684,15.2602,0.09168
bmi_for_age,F,49.0,-0.5684,15.2556,0.09227
bmi_for_age,F,50.0,-0.5684,15.2523,0.09286
bmi_for_age,F,51.0,-0.5684,15.2503,0.09345
bmi_for_age,F,52.0,-0.5684,15.2496,0.09403
bmi_for_age,F,53.0,-0.5684,15.2502,0.09460
bmi_for_age,F,54.0,-0.5684,15.2519,0.09515
bmi_for_age,F,55.0,-0.5684,15.2544,0.09568
bmi_for_age,F,56.0,-0.5684,15.2575,0.09618
bmi_for_age,F,57.0,-0.5684,15.2612,0.09665
bmi_for_age,F,58.0,-0.5684,15.2653,0.09709
bmi_for_age,F,59.0,-0.5684,15.2698,0.09750
bmi_for_age,F,60.0,-0.5684,15.2747,0.09789
bmi_for_age,M,0.0,-0.3053,13.4069,0.09560
bmi_for_age,M,1.0,0.2708,14.9441,0.09027
bmi_for_age,M,2.0,0.1118,16.3195,0.08677
bmi_for_age,M,3.0,0.0068,16.8987,0.08495
bmi_for_age,M,4.0,-0.0727,17.1579,0.08378
bmi_for_age,M,5.0,-0.1370,17.2919,0.08296
bmi_for_age,M,6.0,-0.1913,17.3422,0.08234
bmi_for_age,M,7.0,-0.2385,17.3288,0.08183
bmi_for_age,M,8.0,-0.2802,17.2647,0.08140
bmi_for_age,M,9.0,-0.3176,17.1662,0.08102
bmi_for_age,M,10.0,-0.3516,17.0488,0.08068
bmi_for_age,M,11.0,-0.3828,16.9239,0.08037
bmi_for_age,M,12.0,-0.4115,16.7981,0.08009
bmi_for_age,M,13.0,-0.4382,16.6743,0.07982
bmi_for_age,M,14.0,-0.4630,16.5548,0.07958
bmi_for_age,M,15.0,-0.4863,16.4409,0.07935
bmi_for_age,M,16.0,-0.5082,16.3335,0.07913
bmi_for_age,M,17.0,-0.5289,16.2329,0.07892
bmi_for_age,M,18.0,-0.5484,16.1392,0.07873
bmi_for_age,M,19.0,-0.5669,16.0528,0.07854
bmi_for_age,M,20.0,-0.5846,15.9743,0.07836
bmi_for_age,M,21.0,-0.6014,15.9039,0.07818
bmi_for_age,M,22.0,-0.6174,15.8412,0.07802
bmi_for_age,M,23.0,-0.6328,15.7852,0.07786
bmi_for_age,M,24.0,-0.6187,16.0189,0.07785
bmi_for_age,M,25.0,-0.5840,15.9800,0.07792
bmi_for_age,M,26.0,-0.5497,15.9414,0.07800
bmi_for_age,M,27.0,-0.5166,15.9036,0.07808
bmi_for_age,M,28.0,-0.4850,15.8667,0.07818
bmi_for_age,M,29.0,-0.4552,15.8306,0.07829
bmi_for_age,M,30.0,-0.4274,15.7953,0.07841
bmi_for_age,M,31.0,-0.4016,15.7606,0.07854
bmi_for_age,M,32.0,-0.3782,15.7267,0.07867
bmi_for_age,M,33.0,-0.3572,15.6934,0.07882
bmi_for_age,M,34.0,-0.3388,15.6610,0.07897
bmi_for_age,M,35.0,-0.3231,15.6294,0.07914
bmi_for_age,M,36.0,-0.3101,15.5988,0.07931
bmi_for_age,M,37.0,-0.3000,15.5693,0.07950
bmi_for_age,M,38.0,-0.2927,15.5410,0.07969
bmi_for_age,M,39.0,-0.2884,15.5140,0.07990
bmi_for_age,M,40.0,-0.2869,15.4885,0.08012
bmi_for_age,M,41.0,-0.2881,15.4645,0.08036
bmi_for_age,M,42.0,-0.2919,15.4420,0.08061
bmi_for_age,M,43.0,-0.2981,15.4210,0.08087
bmi_for_age,M,44.0,-0.3067,15.4013,0.08115
bmi_for_age,M,45.0,-0.3174,15.3827,0.08144
bmi_for_age,M,46.0,-0.3303,15.3652,0.08174
bmi_for_age,M,47.0,-0.3452,15.3485,0.08205
bmi_for_age,M,48.0,-0.3622,15.3326,0.08238
bmi_for_age,M,49.0,-0.3811,15.3174,0.08272
bmi_for_age,M,50.0,-0.4019,15.3029,0.08307
bmi_for_age,M,51.0,-0.4245,15.2891,0.08343
bmi_for_age,M,52.0,-0.4488,15.2759,0.08380
bmi_for_age,M,53.0,-0.4747,15.2633,0.08418
bmi_for_age,M,54.0,-0.5019,15.2514,0.08457
bmi_for_age,M,55.0,-0.5303,15.2400,0.08496
bmi_for_age,M,56.0,-0.5599,15.2291,0.08536
bmi_for_age,M,57.0,-0.5905,15.2188,0.08577
bmi_for_age,M,58.0,-0.6223,15.2091,0.08617
bmi_for_age,M,59.0,-0.6552,15.2000,0.08659
bmi_for_age,M,60.0,-0.6892,15.1916,0.08700
head_circumference_for_age,F,0.0,1,33.8787,0.03496
head_circumference_for_age,F,1.0,1,36.5463,0.03210
head_circumference_for_age,F,2.0,1,38.2521,0.03168
head_circumference_for_age,F,3.0,1,39.5328,0.03140
head_circumference_for_age,F,4.0,1,40.5817,0.03119
head_circumference_for_age,F,5.0,1,41.4590,0.03102
head_circumference_for_age,F,6.0,1,42.1995,0.03087
head_circumference_for_age,F,7.0,1,42.8290,0.03075
head_circumference_for_age,F,8.0,1,43.3671,0.03063
head_circumference_for_age,F,9.0,1,43.8300,0.03053
head_circumference_for_age,F,10.0,1,44.2319,0.03044
head_circumference_for_age,F,11.0,1,44.5844,0.03035
head_circumference_for_age,F,12.0,1,44.8965,0.03027
head_circumference_for_age,F,13.0,1,45.1752,0.03019
head_circumference_for_age,F,14.0,1,45.4265,0.03012
head_circumference_for_age,F,15.0,1,45.6551,0.03006
head_circumference_for_age,F,16.0,1,45.8650,0.02999
head_circumference_for_age,F,17.0,1,46.0598,0.02993
head_circumference_for_age,F,18.0,1,46.2424,0.02987
head_circumference_for_age,F,19.0,1,46.4152,0.02982
head_circumference_for_age,F,20.0,1,46.5801,0.02977
head_circumference_for_age,F,21.0,1,46.7384,0.02972
head_circumference_for_age,F,22.0,1,46.8913,0.02967
head_circumference_for_age,F,23.0,1,47.0391,0.02962
head_circumference_for_age,F,24.0,1,47.1822,0.02957
head_circumference_for_age,F,25.0,1,47.3204,0.02953
head_circumference_for_age,F,26.0,1,47.4536,0.02949
head_circumference_for_age,F,27.0,1,47.5817,0.02945
head_circumference_for_age,F,28.0,1,47.7045,0.02941
head_circumference_for_age,F,29.0,1,47.8219,0.02937
head_circumference_for_age,F,30.0,1,47.9340,0.02933
head_circumference_for_age,F,31.0,1,48.0410,0.02929
head_circumference_for_age,F,32.0,1,48.1432,0.02926
head_circumference_for_age,F,33.0,1,48.2408,0.02922
head_circumference_for_age,F,34.0,1,48.3343,0.02919
head_circumference_for_age,F,35.0,1,48.4239,0.02915
head_circumference_for_age,F,36.0,1,48.5099,0.02912
head_circumference_for_age,F,37.0,1,48.5926,0.02909
head_circumference_for_age,F,38.0,1,48.6722,0.02906
head_circumference_for_age,F,39.0,1,48.7489,0.02903
head_circumference_for_age,F,40.0,1,48.8228,0.02900
head_circumference_for_age,F,41.0,1,48.8941,0.02897
head_circumference_for_age,F,42.0,1,48.9629,0.02894
head_circumference_for_age,F,43.0,1,49.0294,0.02891
head_circumference_for_age,F,44.0,1,49.0937,0.02888
head_circumference_for_age,F,45.0,1,49.1560,0.02886
head_circumference_for_age,F,46.0,1,49.2164,0.02883
head_circumference_for_age,F,47.0,1,49.2751,0.02880
head_circumference_for_age,F,48.0,1,49.3321,0.02878
head_circumference_for_age,F,49.0,1,49.3877,0.02875
head_circumference_for_age,F,50.0,1,49.4419,0.02873
head_circumference_for_age,F,51.0,1,49.4947,0.02870
head_circumference_for_age,F,52.0,1,49.5464,0.02868
head_circumference_for_age,F,53.0,1,49.5969,0.02865
head_circumference_for_age,F,54.0,1,49.6464,0.02863
head_circumference_for_age,F,55.0,1,49.6947,0.02861
head_circumference_for_age,F,56.0,1,49.7421,0.02859
head_circumference_for_age,F,57.0,1,49.7885,0.02856
head_circumference_for_age,F,58.0,1,49.8341,0.02854
head_circumference_for_age,F,59.0,1,49.8789,0.02852
head_circumference_for_age,F,60.0,1,49.9229,0.02850
head_circumference_for_age,M,0.0,1,34.4618,0.03686
head_circumference_for_age,M,1.0,1,37.2759,0.03133
head_circumference_for_age,M,2.0,1,39.1285,0.02997
head_circumference_for_age,M,3.0,1,40.5135,0.02918
head_circumference_for_age,M,4.0,1,41.6317,0.02868
head_circumference_for_age,M,5.0,1,42.5576,0.02837
head_circumference_for_age,M,6.0,1,43.3306,0.02817
head_circumference_for_age,M,7.0,1,43.9803,0.02804
head_circumference_for_age,M,8.0,1,44.5300,0.02796
head_circumference_for_age,M,9.0,1,44.9998,0.02792
head_circumference_for_age,M,10.0,1,45.4051,0.02790
head_circumference_for_age,M,11.0,1,45.7573,0.02789
head_circumference_for_age,M,12.0,1,46.0661,0.02789
head_circumference_for_age,M,13.0,1,46.3395,0.02789
head_circumference_for_age,M,14.0,1,46.5844,0.02791
head_circumference_for_age,M,15.0,1,46.8060,0.02792
head_circumference_for_age,M,16.0,1,47.0088,0.02795
head_circumference_for_age,M,17.0,1,47.1962,0.02797
head_circumference_for_age,M,18.0,1,47.3711,0.02800
head_circumference_for_age,M,19.0,1,47.5357,0.02803
head_circumference_for_age,M,20.0,1,47.6919,0.02806
head_circumference_for_age,M,21.0,1,47.8408,0.02810
head_circumference_for_age,M,22.0,1,47.9833,0.02813
head_circumference_for_age,M,23.0,1,48.1201,0.02817
head_circumference_for_age,M,24.0,1,48.2515,0.02821
head_circumference_for_age,M,25.0,1,48.3777,0.02825
head_circumference_for_age,M,26.0,1,48.4989,0.02830
head_circumference_for_age,M,27.0,1,48.6151,0.02834
head_circumference_for_age,M,28.0,1,48.7264,0.02838
head_circumference_for_age,M,29.0,1,48.8331,0.02842
head_circumference_for_age,M,30.0,1,48.9351,0.02847
head_circumference_for_age,M,31.0,1,49.0327,0.02851
head_circumference_for_age,M,32.0,1,49.1260,0.02855
head_circumference_for_age,M,33.0,1,49.2153,0.02859
head_circumference_for_age,M,34.0,1,49.3007,0.02863
head_circumference_for_age,M,35.0,1,49.3826,0.02867
head_circumference_for_age,M,36.0,1,49.4612,0.02871
head_circumference_for_age,M,37.0,1,49.5367,0.02875
head_circumference_for_age,M,38.0,1,49.6093,0.02878
head_circumference_for_age,M,39.0,1,49.6791,0.02882
head_circumference_for_age,M,40.0,1,49.7465,0.02886
head_circumference_for_age,M,41.0,1,49.8116,0.02889
head_circumference_for_age,M,42.0,1,49.8745,0.02893
head_circumference_for_age,M,43.0,1,49.9354,0.02896
head_circumference_for_age,M,44.0,1,49.9942,0.02899
head_circumference_for_age,M,45.0,1,50.0512,0.02903
head_circumference_for_age,M,46.0,1,50.1064,0.02906
head_circumference_for_age,M,47.0,1,50.1598,0.02909
head_circumference_for_age,M,48.0,1,50.2115,0.02912
head_circumference_for_age,M,49.0,1,50.2617,0.02915
head_circumference_for_age,M,50.0,1,50.3105,0.02918
head_circumference_for_age,M,51.0,1,50.3578,0.02921
head_circumference_for_age,M,52.0,1,50.4039,0.02924
head_circumference_for_age,M,53.0,1,50.4488,0.02927
head_circumference_for_age,M,54.0,1,50.4926,0.02929
head_circumference_for_age,M,55.0,1,50.5354,0.02932
head_circumference_for_age,M,56.0,1,50.5772,0.02935
head_circumference_for_age,M,57.0,1,50.6183,0.02938
head_circumference_for_age,M,58.0,1,50.6587,0.02940
head_circumference_for_age,M,59.0,1,50.6984,0.02943
head_circumference_for_age,M,60.0,1,50.7375,0.02946
length_height_for_age,F,0.0,1,49.1477,0.0379
length_height_for_age,F,1.0,1,53.6872,0.0364
length_height_for_age,F,2.0,1,57.0673,0.03568
length_height_for_age,F,3.0,1,59.8029,0.0352
length_height_for_age,F,4.0,1,62.0899,0.03486
length_height_for_age,F,5.0,1,64.0301,0.03463
length_height_for_age,F,6.0,1,65.7311,0.03448
length_height_for_age,F,7.0,1,67.2873,0.03441
length_height_for_age,F,8.0,1,68.7498,0.0344
length_height_for_age,F,9.0,1,70.1435,0.03444
length_height_for_age,F,10.0,1,71.4818,0.03452
length_height_for_age,F,11.0,1,72.771,0.03464
length_height_for_age,F,12.0,1,74.015,0.03479
length_height_for_age,F,13.0,1,75.2176,0.03496
length_height_for_age,F,14.0,1,76.3817,0.03514
length_height_for_age,F,15.0,1,77.5099,0.03534
length_height_for_age,F,16.0,1,78.6055,0.03555
length_height_for_age,F,17.0,1,79.671,0.03576
length_height_for_age,F,18.0,1,80.7079,0.03598
length_height_for_age,F,19.0,1,81.7182,0.0362
length_height_for_age,F,20.0,1,82.7036,0.03643
length_height_for_age,F,21.0,1,83.6654,0.03666
length_height_for_age,F,22.0,1,84.604,0.03688
length_height_for_age,F,23.0,1,85.5202,0.03711
length_height_for_age,F,24.0,1,85.7153,0.03764
length_height_for_age,F,25.0,1,86.5904,0.03786
length_height_for_age,F,26.0,1,87.4462,0.03808
length_height_for_age,F,27.0,1,88.283,0.0383
length_height_for_age,F,28.0,1,89.1004,0.03851
length_height_for_age,F,29.0,1,89.8991,0.03872
length_height_for_age,F,30.0,1,90.6797,0.03893
length_height_for_age,F,31.0,1,91.443,0.03913
length_height_for_age,F,32.0,1,92.1906,0.03933
length_height_for_age,F,33.0,1,92.9239,0.03952
length_height_for_age,F,34.0,1,93.6444,0.03971
length_height_for_age,F,35.0,1,94.3533,0.03989
length_height_for_age,F,36.0,1,95.0515,0.04006
length_height_for_age,F,37.0,1,95.7399,0.04024
length_height_for_age,F,38.0,1,96.4187,0.04041
length_height_for_age,F,39.0,1,97.0885,0.04057
length_height_for_age,F,40.0,1,97.7493,0.04073
length_height_for_age,F,41.0,1,98.4015,0.04089
length_height_for_age,F,42.0,1,99.0448,0.04105
length_height_for_age,F,43.0,1,99.6795,0.0412
length_height_for_age,F,44.0,1,100.3058,0.04135
length_height_for_age,F,45.0,1,100.9238,0.0415
length_height_for_age,F,46.0,1,101.5337,0.04164
length_height_for_age,F,47.0,1,102.136,0.04179
length_height_for_age,F,48.0,1,102.7312,0.04193
length_height_for_age,F,49.0,1,103.3197,0.04206
length_height_for_age,F,50.0,1,103.9021,0.0422
length_height_for_age,F,51.0,1,104.4786,0.04233
length_height_for_age,F,52.0,1,105.0494,0.04246
length_height_for_age,F,53.0,1,105.6148,0.04259
length_height_for_age,F,54.0,1,106.1748,0.04272
length_height_for_age,F,55.0,1,106.7295,0.04285
length_height_for_age,F,56.0,1,107.2788,0.04298
length_height_for_age,F,57.0,1,107.8227,0.0431
length_height_for_age,F,58.0,1,108.3613,0.04322
length_height_for_age,F,59.0,1,108.8948,0.04334
length_height_for_age,F,60.0,1,109.4233,0.04347
length_height_for_age,M,0.0,1,49.8842,0.03795
length_height_for_age,M,1.0,1,54.7244,0.03557
length_height_for_age,M,2.0,1,58.4249,0.03424
length_height_for_age,M,3.0,1,61.4292,0.03328
length_height_for_age,M,4.0,1,63.886,0.03257
length_height_for_age,M,5.0,1,65.9026,0.03204
length_height_for_age,M,6.0,1,67.6236,0.03165
length_height_for_age,M,7.0,1,69.1645,0.03139
length_height_for_age,M,8.0,1,70.5994,0.03124
length_height_for_age,M,9.0,1,71.9687,0.03117
length_height_for_age,M,10.0,1,73.2812,0.03118
length_height_for_age,M,11.0,1,74.5388,0.03125
length_height_for_age,M,12.0,1,75.7488,0.03137
length_height_for_age,M,13.0,1,76.9186,0.03154
length_height_for_age,M,14.0,1,78.0497,0.03174
length_height_for_age,M,15.0,1,79.1458,0.03197
length_height_for_age,M,16.0,1,80.2113,0.03222
length_height_for_age,M,17.0,1,81.2487,0.0325
length_height_for_age,M,18.0,1,82.2587,0.03279
length_height_for_age,M,19.0,1,83.2418,0.0331
length_height_for_age,M,20.0,1,84.1996,0.03342
length_height_for_age,M,21.0,1,85.1348,0.03376
length_height_for_age,M,22.0,1,86.0477,0.0341
length_height_for_age,M,23.0,1,86.941,0.03445
length_height_for_age,M,24.0,1,87.1161,0.03507
length_height_for_age,M,25.0,1,87.972,0.03542
length_height_for_age,M,26.0,1,88.8065,0.03576
length_height_for_age,M,27.0,1,89.6197,0.0361
length_height_for_age,M,28.0,1,90.412,0.03642
length_height_for_age,M,29.0,1,91.1828,0.03674
length_height_for_age,M,30.0,1,91.9327,0.03704
length_height_for_age,M,31.0,1,92.6631,0.03733
length_height_for_age,M,32.0,1,93.3753,0.03761
length_height_for_age,M,33.0,1,94.0711,0.03787
length_height_for_age,M,34.0,1,94.7532,0.03812
length_height_for_age,M,35.0,1,95.4236,0.03836
length_height_for_age,M,36.0,1,96.0835,0.03858
length_height_for_age,M,37.0,1,96.7337,0.03879
length_height_for_age,M,38.0,1,97.3749,0.039
length_height_for_age,M,39.0,1,98.0073,0.03919
length_height_for_age,M,40.0,1,98.631,0.03937
length_height_for_age,M,41.0,1,99.2459,0.03954
length_height_for_age,M,42.0,1,99.8515,0.03971
length_height_for_age,M,43.0,1,100.4485,0.03986
length_height_for_age,M,44.0,1,101.0374,0.04002
length_height_for_age,M,45.0,1,101.6186,0.04016
length_height_for_age,M,46.0,1,102.1933,0.04031
length_height_for_age,M,47.0,1,102.7625,0.04045
length_height_for_age,M,48.0,1,103.3273,0.04059
length_height_for_age,M,49.0,1,103.8886,0.04073
length_height_for_age,M,50.0,1,104.4473,0.04086
length_height_for_age,M,51.0,1,105.0041,0.041
length_height_for_age,M,52.0,1,105.5596,0.04113
length_height_for_age,M,53.0,1,106.1138,0.04126
length_height_for_age,M,54.0,1,106.6668,0.04139
length_height_for_age,M,55.0,1,107.2188,0.04152
length_height_for_age,M,56.0,1,107.7697,0.04165
length_height_for_age,M,57.0,1,108.3198,0.04177
length_height_for_age,M,58.0,1,108.8689,0.0419
length_height_for_age,M,59.0,1,109.417,0.04202
length_height_for_age,M,60.0,1,109.9638,0.04214
weight_for_age,F,0.0,0.3809,3.2322,0.14171
weight_for_age,F,1.0,0.1714,4.1873,0.13724
weight_for_age,F,2.0,0.0962,5.1282,0.13
weight_for_age,F,3.0,0.0402,5.8458,0.12619
weight_for_age,F,4.0,-0.005,6.4237,0.12402
weight_for_age,F,5.0,-0.043,6.8985,0.12274
weight_for_age,F,6.0,-0.0756,7.297,0.12204
weight_for_age,F,7.0,-0.1039,7.6422,0.12178
weight_for_age,F,8.0,-0.1288,7.9487,0.12181
weight_for_age,F,9.0,-0.1507,8.2254,0.12199
weight_for_age,F,10.0,-0.17,8.48,0.12223
weight_for_age,F,11.0,-0.1872,8.7192,0.12247
weight_for_age,F,12.0,-0.2024,8.9481,0.12268
weight_for_age,F,13.0,-0.2158,9.1699,0.12283
weight_for_age,F,14.0,-0.2278,9.387,0.12294
weight_for_age,F,15.0,-0.2384,9.6008,0.12299
weight_for_age,F,16.0,-0.2478,9.8124,0.12303
weight_for_age,F,17.0,-0.2562,10.0226,0.12306
weight_for_age,F,18.0,-0.2637,10.2315,0.12309
weight_for_age,F,19.0,-0.2703,10.4393,0.12315
weight_for_age,F,20.0,-0.2762,10.6464,0.12323
weight_for_age,F,21.0,-0.2815,10.8534,0.12335
weight_for_age,F,22.0,-0.2862,11.0608,0.1235
weight_for_age,F,23.0,-0.2903,11.2688,0.12369
weight_for_age,F,24.0,-0.2941,11.4775,0.1239
weight_for_age,F,25.0,-0.2975,11.6864,0.12414
weight_for_age,F,26.0,-0.3005,11.8947,0.12441
weight_for_age,F,27.0,-0.3032,12.1015,0.12472
weight_for_age,F,28.0,-0.3057,12.3059,0.12506
weight_for_age,F,29.0,-0.308,12.5073,0.12545
weight_for_age,F,30.0,-0.3101,12.7055,0.12587
weight_for_age,F,31.0,-0.312,12.9006,0.12633
weight_for_age,F,32.0,-0.3138,13.093,0.12683
weight_for_age,F,33.0,-0.3155,13.2837,0.12737
weight_for_age,F,34.0,-0.3171,13.4731,0.12794
weight_for_age,F,35.0,-0.3186,13.6618,0.12855
weight_for_age,F,36.0,-0.3201,13.8503,0.12919
weight_for_age,F,37.0,-0.3216,14.0385,0.12988
weight_for_age,F,38.0,-0.323,14.2265,0.13059
weight_for_age,F,39.0,-0.3243,14.414,0.13135
weight_for_age,F,40.0,-0.3257,14.601,0.13213
weight_for_age,F,41.0,-0.327,14.7873,0.13293
weight_for_age,F,42.0,-0.3283,14.9727,0.13376
weight_for_age,F,43.0,-0.3296,15.1573,0.1346
weight_for_age,F,44.0,-0.3309,15.341,0.13545
weight_for_age,F,45.0,-0.3322,15.524,0.1363
weight_for_age,F,46.0,-0.3335,15.7064,0.13716
weight_for_age,F,47.0,-0.3348,15.8882,0.138
weight_for_age,F,48.0,-0.3361,16.0697,0.13884
weight_for_age,F,49.0,-0.3374,16.2511,0.13968
weight_for_age,F,50.0,-0.3387,16.4322,0.14051
weight_for_age,F,51.0,-0.34,16.6133,0.14132
weight_for_age,F,52.0,-0.3414,16.7942,0.14213
weight_for_age,F,53.0,-0.3427,16.9748,0.14293
weight_for_age,F,54.0,-0.344,17.1551,0.14371
weight_for_age,F,55.0,-0.3453,17.3347,0.14448
weight_for_age,F,56.0,-0.3466,17.5136,0.14525
weight_for_age,F,57.0,-0.3479,17.6916,0.146
weight_for_age,F,58.0,-0.3492,17.8686,0.14675
weight_for_age,F,59.0,-0.3505,18.0445,0.14748
weight_for_age,F,60.0,-0.3518,18.2193,0.14821
weight_for_age,M,0.0,0.3487,3.3464,0.14602
weight_for_age,M,1.0,0.2297,4.4709,0.13395
weight_for_age,M,2.0,0.197,5.5675,0.12385
weight_for_age,M,3.0,0.1738,6.3762,0.11727
weight_for_age,M,4.0,0.1553,7.0023,0.11316
weight_for_age,M,5.0,0.1395,7.5105,0.1108
weight_for_age,M,6.0,0.1257,7.934,0.10958
weight_for_age,M,7.0,0.1134,8.297,0.10902
weight_for_age,M,8.0,0.1021,8.6151,0.10882
weight_for_age,M,9.0,0.0917,8.9014,0.10881
weight_for_age,M,10.0,0.082,9.1649,0.10891
weight_for_age,M,11.0,0.073,9.4122,0.10906
weight_for_age,M,12.0,0.0644,9.6479,0.10925
weight_for_age,M,13.0,0.0563,9.8749,0.10949
weight_for_age,M,14.0,0.0487,10.0953,0.10976
weight_for_age,M,15.0,0.0413,10.3108,0.11007
weight_for_age,M,16.0,0.0343,10.5228,0.11041
weight_for_age,M,17.0,0.0275,10.7319,0.11079
weight_for_age,M,18.0,0.0211,10.9385,0.11119
weight_for_age,M,19.0,0.0148,11.143,0.11164
weight_for_age,M,20.0,0.0087,11.3462,0.11211
weight_for_age,M,21.0,0.0029,11.5486,0.11261
weight_for_age,M,22.0,-0.0028,11.7504,0.11314
weight_for_age,M,23.0,-0.0083,11.9514,0.11369
weight_for_age,M,24.0,-0.0137,12.1515,0.11426
weight_for_age,M,25.0,-0.0189,12.3502,0.11485
weight_for_age,M,26.0,-0.024,12.5466,0.11544
weight_for_age,M,27.0,-0.0289,12.7401,0.11604
weight_for_age,M,28.0,-0.0337,12.9303,0.11664
weight_for_age,M,29.0,-0.0385,13.1169,0.11723
weight_for_age,M,30.0,-0.0431,13.3,0.11781
weight_for_age,M,31.0,-0.0476,13.4798,0.11839
weight_for_age,M,32.0,-0.052,13.6567,0.11896
weight_for_age,M,33.0,-0.0564,13.8309,0.11953
weight_for_age,M,34.0,-0.0606,14.0031,0.12008
weight_for_age,M,35.0,-0.0648,14.1736,0.12062
weight_for_age,M,36.0,-0.0689,14.3429,0.12116
weight_for_age,M,37.0,-0.0729,14.5113,0.12168
weight_for_age,M,38.0,-0.0769,14.6791,0.1222
weight_for_age,M,39.0,-0.0808,14.8466,0.12271
weight_for_age,M,40.0,-0.0846,15.014,0.12322
weight_for_age,M,41.0,-0.0883,15.1813,0.12373
weight_for_age,M,42.0,-0.092,15.3486,0.12425
weight_for_age,M,43.0,-0.0957,15.5158,0.12478
weight_for_age,M,44.0,-0.0993,15.6828,0.12531
weight_for_age,M,45.0,-0.1028,15.8497,0.12586
weight_for_age,M,46.0,-0.1063,16.0163,0.12643
weight_for_age,M,47.0,-0.1097,16.1827,0.127
weight_for_age,M,48.0,-0.1131,16.3489,0.12759
weight_for_age,M,49.0,-0.1165,16.515,0.12819
weight_for_age,M,50.0,-0.1198,16.6811,0.1288
weight_for_age,M,51.0,-0.123,16.8471,0.12943
weight_for_age,M,52.0,-0.1262,17.0132,0.13005
weight_for_age,M,53.0,-0.1294,17.1792,0.13069
weight_for_age,M,54.0,-0.1325,17.3452,0.13133
weight_for_age,M,55.0,-0.1356,17.5111,0.13197
weight_for_age,M,56.0,-0.1387,17.6768,0.13261
weight_for_age,M,57.0,-0.1417,17.8422,0.13325
weight_for_age,M,58.0,-0.1447,18.0073,0.13389
weight_for_age,M,59.0,-0.1477,18.1722,0.13453
weight_for_age,M,60.0,-0.1506,18.3366,0.13517
